screenName,name,bio,followersCount,tweetsCount,friendsCount
yovo_yawo,Yawo Yovo,CSE Final year student ||Developer ||Coder || Learner,82,80,492
Nikk112002,Nikhil Bavistale,,15,106,31
Mayuri1601,Mayuri Agrawal,,2,6,34
Swapnam40063920,Swapnamoy,,6,1,40
harman1293,Hpk,,2,3,25
singh_tapanjeet,Tapanjeet Singh,,0,51,81
KalpeshKaklij,Kalpesh Kaklij,Who are you?,2,3,79
dhoble_anup,AnnonymousAJAX,"Web Developer | 4 x Hackathon Winner | GSSoC 23 |
Marketing @cncfthane | Tech Enthusiast | Content Creator",17,26,57
Ajaymaurya_1008,Ajay Maurya,@gdsc_bu Lead-23âœ¨ || Smart India Hackathon-22 WinnerğŸ†||Mern Stack developerğŸ—¿ || open source contributorğŸ’»,210,598,301
RashiPorwal1,Rashi Porwal,"Web developer | @kalilinux, python @cyber_security â¤  | into trending tech innovations and advancements| artificial intelligenceâœŒ| Stay_Wokeâ˜ ï¸",578,186,525
BMK_24,ZedNick_FuryÃ°Å¸â€¡Â¿Ã°Å¸â€¡Â²,"My current areas of interest include artificial intelligence, machine learning, software engineering, android development ,and Big data analytics.",88,23,233
ShubhamAtugade,Shubham Atugade,"| June 16 | 22ğŸ¥‚| ğŸ‡®ğŸ‡³ ~ 8/28 States â€¢ ğŸ‡°ğŸ‡¼- 2/195 Countries | ğŸŒˆFill Your Life With Adventures , Not Things. Have Stories To Tell Not Stuff To ShowğŸŒ± |",13,0,397
Sivaprakash_16,Sivaprakash Subramaniyam,CSE student | Frontend Web Developer | Core team member @DevForceConnect,297,11,4351
Aditya_340_,Aditya Patil,,25,17,188
sakthi_cham,Sakthivel,SIH'22 Winner ğŸ† | IIT Madras B.S Degree ğŸ“ | Creativity & Outreach Lead GDSCâ€™22 ğŸ‘¨â€ğŸ’» | Flutter DeveloperğŸ’¥ | Frontend Developer | ReactJs | UI/UX Designer,25,0,195
geekyjha,Shivam Kumar Jha,,4,5,39
Kalyanjadhav45,Kalyan Patil,Engineer | Programmer | 22 | CSE'23 ITER,9,4,52
iamayush_7,Ayush,Building @theDevArmy | Former @Google DSC Lead | Looking for DevRel Opportunities ğŸ¥‘ | Organizer GDSC WoW Nagpur (@gdsc_nagpur),21,30,89
Rudra_Pratik,Pratik Agrawal #WoWNagpur,"~3 words for me - humble, accepting, curious ğŸ˜‡ 
~Learner till death ğŸ¤¯ 
~Always room for improvisation âœŒï¸ğŸ¼ 
~Reserved for someone who values my thoughtsğŸ¤—",259,170,486
humayunkamran,HumayunKamran,,64,1203,487
Surajs2805,Suraj S,java and Android developer fresher,0,1,17
BharatKumarRag2,Bharat Kumar Raghav,,3,2,156
Avkr1211,Avinash Kumar,College student/Engineering/fond of code/especially python,49,187,295
Rokesh661767974,Rokesh..,Entrepreneur | Agriculturist | Environmentalist | Innovator,1,1,84
botanocrats,K. Abdul Wahab Shah,"23, Android Developer, Winner @SIH2022_MIC",19,11,411
ParthPrPi,Parth Pitrubhakta,Flutter Developer | Backend Developer | ML Enthusiast,7,10,91
usjadon,UTKARSH SINGH,"LNMIIT'26. 
Aspiring Coder and Developer.",18,26,187
SujalBa64566860,Sujal Bajaj,"""Naturally introvert selective extrovert""",24,5,45
pulkit_nishad,Pulkit Nishad,#Tech Enthusiastic ğŸ¤© || Learning #AI || #ML || #Android DevğŸ“± || #RPA Dev || #Full_Stack Dev ğŸ’»|| #Flutter || #Devloper ||,7,58,323
ojasvisingh786,Ojasvi Singh YadavÃ¢â€Â¢,"GDSC Lead'23 ||GSSoC'23 Contributor|| Blockchain Enthusiast || Open-source ||
Development || Space Enthusiast || ğŸš€ğŸš€ğŸ§‘â€ğŸš€
https://t.co/vdkT43xoVW",256,1317,2120
N_Himanshu_,Himanshu Narware,"BengalğŸ™‹â€â™€ï¸, Engineering (EC)ğŸ‘©â€ğŸ”§, Food loverğŸ±, Family is EverythingğŸ‘¨â€ğŸ‘©â€ğŸ‘§, Have someone Specialâ˜ºï¸",4,34,131
iamsg0905,With Love S.G.,Web Developer || C++ Programmer || College Student,5,1,50
mayank_goel36,Yellowbeard,"I am who I am is by the Grace of GOD ALMIGHTY,easy going, friendly and kind to everyone. love to mingle",6,65,52
HarrisonChiedo2,Harrison Chiedozie,"no RW, no LW,  SANATANIğŸ’ªğŸ’ª",29,23,187
sanskar_shree,sanskar shree,"#sá´›á´œá´…á´‡É´á´›

#É´á´€á´›Éªá´É´á´€ÊŸ ÉªÉ´êœ±á´›Éªá´›á´œá´›á´‡ á´êœ° á´›á´‡á´„ÊœÉ´á´ÊŸá´É¢Ê 

ğŸ’» á´„á´á´á´˜á´œá´›á´‡Ê€ êœ±á´„Éªá´‡É´á´„á´‡ á´€É´á´… á´‡É´É¢ÉªÉ´á´‡á´‡Ê€ÉªÉ´É¢",67,4218,289
Rxxid18a,Ã°Ââ€œÂ¡Ã°Ââ€ÂÃ°Ââ€ÂÃ°Ââ€œÂ²Ã°Ââ€œÂ­18Ã°Ââ€œÂª Ã°Ââ€œÂ¼Ã°Ââ€œÂ²Ã°Ââ€œÂ·Ã°Ââ€œÂ°Ã°Ââ€œÂ± Ã°Ââ€œÂ¬Ã°Ââ€œÂ±Ã°Ââ€œÂªÃ°Ââ€œÂ¾Ã°Ââ€œÂ±Ã°Ââ€œÂªÃ°Ââ€œÂ·,,10,4,115
Nitesh156399467,Nitesh,"19| Building SaaS @pixelwandlive
https://t.co/xZ0n6i5x7i",0,2,61
kirtikastwt,kirtika,"Computer Science Student of Rungta College Of Engineering And Technology, Bhilai",580,385,323
siddharthraj30,SIDDHARTH RAJ,,6,30,88
MohithTwts,Mohith Peddineni,frontend developer â€¢ @neogCamp 23 â€¢ technical writer @freeCodeCamp,22,7,364
sobit_prasad,Sobit is doing #151DaysOfCode,,383,371,860
Kumar_suraj01,Suraj Kumar,,0,0,11
Akshith01698835,Akshitha,,0,1,66
pareek34196,Ravi Pareek,,0,3,22
RishiBh44024510,Rishi Bhardwaj,"pursuing Btech in AI ML from LNCT bhopal, tech enthusiast, frontend web D",1,0,50
arpitsingh_03,Arpit Singh,@CodessCafe OS mentee'23 || @gdsc_jkiapt Web-dev lead  ||Shares things that are worth wasting time on ||#100DaysofCode,4,0,116
Alisha_kausheen,Alisha Kausheen,,443,410,241
manashanand2,Manash Anand,Electronics engineer,16,304,99
94d2cfc6eb5b4c2,Karan Pathak,Software Engineer,0,5,10
ntripathi,Ã Â¤Â¨Ã Â¤Â¿Ã Â¤Â¤Ã Â¤Â¿Ã Â¤Â¨ Ã Â¤Â¤Ã Â¥ÂÃ Â¤Â°Ã Â¤Â¿Ã Â¤ÂªÃ Â¤Â¾Ã Â¤Â Ã Â¥â‚¬ Ã°Å¸â€¡Â®Ã°Å¸â€¡Â³,"Iâ€™m living the dream.

@Jamia_Hamdard
@Software_Engineering",278,645,1440
ZiyaChox,Ziya Ul Rehman,"SJCE (JSSSTU) CSE'26||

I always try to come out of the rush.",11,7,35
Shubham54404042,Shubham Choudhary,"Android_Developer | BCA | Student | Chandigarh group of colleges ( College ) | 
EX-BMVian ( School ) | ğŸ¡Sirathu-K | ğŸ Prayagraj (UP)",4,36,208
ashishkesharii,Ashish kesharwani,,119,957,836
Ashok64608634,Ashok,,10,38,22
sagar_kathane,sagar kathane,"I live for Swags. 

Flutter ğŸ’™| ML ğŸ¤–",20,226,145
SatheGaurang,Gaurang Sathe,"Count me in odds....
Learner n Swain â—‰â â€¿â â—‰",37,77,350
aar_u_she,Aarushi Singh,,9,0,140
Shubham88170553,Shubham sahu,Let your knowledge pay you instantly.,7,5,247
leshalem1,leshalem,Robotics Team From Hyderabad ğŸ“,16,1,168
HydraBotz,Hydra Botz,Passionately curious.,12,5,52
nagrikar_adarsh,Adarsh,,16,71,47
Chinmayee2524,Chinmayee Pravin,,12,21,98
raghavtwenty,Raghav,Former SDE intern @ Jp Morgan Chase & Co | Sih 2022 winner | flutter developer | Android developer,0,0,483
krishnadave671,Krishana Dave,Photon in a double slit!ğŸ˜„,48,25,146
GauravGakhar5,Gaurav Gakhar,,12,29,166
rammyy_123,raman chopra,,98,6106,4049
tanushindoria25,Tanush Indoria,,125,2,4005
prathik_S1,prathik Srinivas,new thoughts for change.,45,125,2010
satish_you,satish suryavanshi,"Name is Sakthi, with IETT
Now as a Full Stack Developer",54,154,2641
Sakthivel24498A,sakthi_a,AstraKode simplifies enterprise tech like Blockchain with low-code. AstraKode Blockchain is a low-code platform enabling non-experts to create custom solutions.,1,12,123
AstraKode,AstraKode,100% à¤«à¥‰à¤²à¥‹ à¤•à¥€à¤œà¤¿à¤ à¤«à¥‰à¤²à¥‹ à¤ªà¤¾à¤‡à¤ğŸ¤,24,46,59
Iamanojyadav,Manoj Yadav Ã°Å¸â€¡Â®Ã°Å¸â€¡Â³,|Banker| MBA| NISM_IRDAICertified | Musicgraduated| Philanthropist| Animalwelfareworker| Newsholic|Writer|,90,49,296
SANCHITRGKALRA,SANCHIT RG KALRA,"Silly and mad, happy for thatğŸ˜Š",168,2180,3826
SRestha_paints,Srestha,Stress is necessary to challenge the students to learn.,16,23,137
kumarhariombca,Hari Om Kumar,à¤œà¤¿à¤²à¤¾ à¤¶à¤¾à¤®à¤²à¥€ à¤“à¤¬à¥€à¤¸à¥€ à¤®à¥‹à¤°à¥à¤šà¤¾ à¤œà¤¿à¤²à¤¾ à¤•à¤¾à¤°à¥à¤¯à¤•à¤¾à¤°à¤¿à¤£à¥€ à¤¸à¤¦à¤¸à¥à¤¯ à¤­à¤¾à¤œà¤ªà¤¾,30,59,2072
KETANKa65840054,ketan Kashyap,,1353,3045,2836
Thiruma06944665,Thirumalesh,"- Dev @pushprotocol
- Building @tweetbase_, Prev: @MayaLabsIO
- Winner FVM Space Wrap Hack, ETHforAll, SIH '22 ğŸ†
- Web2 && Web3 ğŸŒ
- @Mugdha_s27 â¤ï¸",16,3,451
Im_Madhur_Gupta,"madhurgupta.(lens, eth) Ã°Å¸Ââ€“","Engineering CSE ğŸ‘¨â€ğŸ“ || Digital Artist || NFT Creator || NFT Collector || Founder : SLEXIP , TROZENWEB || Volleyball ğŸ || Valorant ğŸ®",427,251,1537
_slexip,Nikhil Singh,,153,175,148
RohitRajChoud29,Rohit Raj Choudhary,,6,0,87
Sajana_23,Sajana 34,"An undergrad at Indian Institute of Information Technology,Nagpur. Trying out different fields. Going strong on web development rn.",0,0,46
AdityaaBhivgade,Aditya Bhivgade,,23,110,38
SaivinayPotluri,saivinay potluri,,5,3,39
rajniBahuguna2,rajni Bahuguna,"|Open Source ğŸ’š| Debian â˜ ï¸| React Js|
Github - https://t.co/2Wor4vA7GR",0,32,16
anshuman_twts,Anshuman Shukla,"Exploring tech, design, & culture through a blockchain lens. Sharing insights, inspiration, & curiosity. Follow for updates on decentralized tech and its impact",52,110,230
0xmjc,Jashwanth Mummalaneni,"I am not different from world, my world is different â™¥ï¸",48,92,243
i_m_good_u,Guddu Kumar,,4,2,81
SrujanKatukam,Katukam srujan,,8,7,72
MungaraHarsh,Harsh Mungara,,1,9,84
vickyramanujam,vignesh,"Blockchain ||#Web3ğŸ” | $mazi ambassador 

               Go hard or go home !!!",43,28,1186
lalkaarmusic,Karan Singh,,467,22195,923
DhirajK22831135,Dhiraj Kumbhar,"Full Stack Blockchain Software Developer | Content Writer | Loves to talk about Blockchain, Finance and Cricket",10,8,90
vkpatva,Viraj Patva | vkpatva.eth | vkpatva.lens Ã°Å¸Å’Â¿,Java Learner || Code Enthusiast,415,3815,1531
RupanshiCR7,Rupanshi,An Explorer!!,7,8,39
Mishra__Kiran,Mishra Kiran,Life is short. Do stuff that matters.,10,10,121
iyanulla,Syed Iyanulla,"Looking for blockchain developer role.
Tech :- React.js Node.js, Express.js, Mongodb, C++, Solidity, Web3,
Hardhat
Faimiliar with :- Golang, k8",0,0,13
vinaytiwari1502,Vinay Tiwari,Exploring,9,80,190
AparnaLaxmi13,Aparna Laxmi,2nd-year Computer Science Engineering student | Coding enthusiast ğŸš€ | Embracing the digital world one line of code at a time âŒ¨ï¸ | Building a future in tech ğŸ’¡,11,8,191
zainabk88934694,zainab khan,"Recent bachelor's degree graduate skilled in Kotlin, MVVM, project creation, and PHP.

à¤µà¤¿à¤¦à¥à¤¯à¤¯à¤¾à¤½à¤®à¥ƒà¤¤à¤®à¤¶à¥à¤¨à¥à¤¤à¥‡ - Immortality is gained from learning.",1,28,67
Sai_Dubey_,Sai Dubey,,55,1420,1088
mainak_cse,Tech_cse,,4,35,70
ATatavdekar,Amey Tatavdekar,,5,0,85
tanmayeegadhave,Tanmayee Gadhave,"Computer ğŸ–¥ï¸ Science Student, https://t.co/pHj3rGeHuR ,Shaheed Bhagat Singh State University ğŸ¢ Ferozepur, Punjab in Computer Science Major.",1,0,5
anmol_fzr,Anmol,,2,6,62
Ankit_309,Sad Ankit,Technology and aviation,6,242,411
Kamalfawaz8,Kamal fawaz,,11,91,164
Vipulpatil097,Vipul Patil,,6,1,82
girishrajani162,Girish Rajani,"â€œAllah is your Guardian, and He is the best Helper.â€
 - Al Quran.",21,4,248
imazhar1508,Md Azhar,GSoC'23 @SCoReLab_Org | Front-end Dev | Robotics Enthusiast | Gamer | Navodayan | Your new friendğŸ˜‡,5,23,187
__pushpendra__,Pushpendra,A cse student exploring the tech world .,351,726,358
AnandSi18833477,Anand Sinha,happer then ever,0,2,8
elvickydabhade,El_vicky,An Outcome-Oriented Coding Community That Aims To Up Skill All Its Members And Ultimately Make Them Have Successful Careers.,1,53,73
nsccpccoe,"Newton School Coding Club, PCCOE","""Passionate Computer Science student | Exploring the digital realms | Coding enthusiast |Tech aficionado | Let's geek out together! #CSStudent""",14,23,36
samanyudeghuria,Samanyu Deghuria,Student @Bitdurgoffical  | Core Team Member @GDSCBITD | UI/UX Designer,7,9,86
Priyanshg0211,Priyansh Gupta,"tech. rockets. videogames.
(+shitposting)
ğŸ“Manipal

MIT '26",9,47,82
shawshawnk,shaSHANKS Ã®Â¨â‚¬,,12,66,218
PrathamRasal05,Pratham Rasal,"| Avid self-improver| Constantly learning, evolving and exploring ğŸ“šğŸŒ",9,3,19
Suraj_441,Suraj Mishra,Software Engineer,2,14,101
saurabh__mehta,saurabh mehta,"ECE student, Mumbai",12,52,489
PiyushG62453078,Piyush Gupta,,0,0,11
Codeaxe01,Codeaxe,Project Engineer at Centerl for material for electronic technology (C-MET) (Government of India),0,1,53
GaneshB25090026,Ganesh Bhise,Team @HackTheLeague | @She__Fi -ingğŸ’« |  Designer @decentraclasses  | gaudmire S4 @_buildspace | Ex Design Lead @gdscbvppune | AIESEC alumnus,16,15,124
JyotiMondal24,Jyoti Mondal,Blunder developer,47,11,97
Simran54438487,Simran,,4,2,82
MalhotraYajjur,Yajjur Malhotra,,0,0,42
harshini_n17,Harshini N,Science and Technology,4,0,35
ImrealU,iMreal Utkarsh,20' | Top 30 @SamsungIndia SFT 2023  | Open Source contributor | Full stack Developer | Data Science | Blogging |,51,172,269
2003vikask,VikasKumar,developing frontend | @ IIT kukas | C | C++ | DSA | React | 20 | CSE'26 ||,133,388,437
its_samishaikh,sami shaikh,"Explorer, Aspiring - Market analyst, Into Social media Marketing, Freelancer, Ex- Media student.",103,123,1069
VibhanshuSharm6,VIBHANSHU SHARMA,Techno savvy | Coder | Aspiring full stack developer,56,380,236
SarthakB1209,Sarthak Bhalerao,,29,24,356
ParuOfa,PARISHNAV THOKAL,,5,45,124
GNeerusanjay,NeeruSanjay,Software Engineer,187,7812,738
Nishant850,Nishant Chaudhary,,17,32,36
DheeruBiswas,Dheeru Biswas,,0,0,4
AnonymA035,GJ,Humanitarian...,0,0,66
33333Santosh,Santosh,ğŸ˜ˆğŸ˜ˆğŸ˜ˆ,83,185,5001
VivaanS13031733,Vivaan9960,"Student at L.U , CSE-AI",15,30,510
Deep_Abhi07,Abhishek Pandey,,5,284,172
sidharth_2k04,SIDHARTH,Bio me kya rakha h.,3,42,155
Prashan93061943,Prashant Kumar,,78,0,5002
itz_me_Aswin_,Aswin,Big fan #MSD âš¡,0,1,26
omlokha24494295,Om Lokhande,,8,4,295
Notghost_who,Soham Sitapara,,2,0,67
mihir_bhadak,Mihir Bhadak,"IT'26ğŸ‘¨â€ğŸ’» , Trying to be better ğŸŒ„
@_dhruvx19",6,0,82
dhruvx19,Dhruv Balchandani,,77,95,291
_Sayan_Bhowal,Sayan Bhowal,"Living life on caffeine â˜•ï¸ & code ğŸ§‘â€ğŸ’».
Rendering the world as it should be ğŸ€.",9,82,18
it_is_Bhagat,Dhritesh Bhagat (db) Ã®Â¨â‚¬,in progress,150,191,483
JAdithya369,adi.thya@860,Campus Ambassador @ GSSOC'23 || Contributor  @ SOC'23|| Web3 Enthusiast || Web Developer,7,10,95
piku_samrat490,Samrat Ghosh,"à¤­à¤¾à¤°à¤¤ à¤®à¥‡à¤‚ à¤°à¥‹à¤¬à¥‹à¤Ÿà¤¿à¤•à¥à¤¸ à¤‡à¤•à¥‹à¤¸à¤¿à¤¸à¥à¤Ÿà¤® à¤•à¤¾ à¤¨à¤¿à¤°à¥à¤®à¤¾à¤£ à¤•à¤°à¤¨à¤¾
ğŸ‡®ğŸ‡³ 

à¤°à¥‹à¤¬à¥‹à¤Ÿà¤¿à¤•à¥à¤¸ à¤‡à¤‚à¤¡à¤¿à¤¯à¤¾ à¤ªà¤¹à¤²à¤¾ à¤®à¤‚à¤š à¤¹à¥ˆ à¤œà¥‹ à¤°à¥‹à¤¬à¥‹à¤Ÿà¤¿à¤•à¥à¤¸ à¤•à¥‡ à¤•à¥à¤·à¥‡à¤¤à¥à¤° à¤®à¥‡à¤‚ à¤•à¤ˆ à¤µà¤¿à¤·à¤¯à¥‹à¤‚ à¤•à¥‹ à¤¶à¤¾à¤®à¤¿à¤² à¤•à¤°à¤¤à¤¾ à¤¹à¥ˆà¥¤",27,224,252
Roboticsindia_,Ã Â¤Â¦ Ã Â¤Â°Ã Â¥â€¹Ã Â¤Â¬Ã Â¥â€¹Ã Â¤Å¸Ã Â¤Â¿Ã Â¤â€¢Ã Â¥ÂÃ Â¤Â¸ Ã Â¤â€¡Ã Â¤â€šÃ Â¤Â¡Ã Â¤Â¿Ã Â¤Â¯Ã Â¤Â¾ Ã Â¤Â¹Ã Â¤Â¿Ã Â¤â€šÃ Â¤Â¦Ã Â¥â‚¬ (Robotics India Hindi),we come from a profession that declares variables not wars,105,1225,153
Codingenthusias,Coding enthusiasts,"TechEnthusiast.
LearnerForever. 
Love2Code.
UI/UX Beginner. 
Graphics lover.",13,257,455
DeepakRmax02,Deepak.R,"ğŸ–Unesco India Africa Hackathon 2022, ğŸ–Smart India Africa Hackathon 2022, Intern @fidelity",8,71,95
ShreyaNarayan6,Shreya Narayan,ğŸ¤,13,21,50
akashxmk,Akashh\,"National Exhibition In front of PM | Ex-Intel X CBSE AISC Leader |  Full stack web developer | Proficient in Python, PHP, JS, HTML, CSS, etc.",133,181,306
jivesh_kalra,Jivesh Kalra,..,3,34,51
inferno93680437,sharon,,15,13,356
JackSoarrow19,Umesh Shingare,ponder Oneself/  Beyond terrible,4,1,96
pritamiam1,Pankaj BarmanÃ°Å¸â€¡Â®Ã°Å¸â€¡Â³,Team @hacktheleague â€¢ Developer â€¢ UI/UX Designer â€¢ Hackathon Enthusiast â€¢ Learning Web3 @LearnWeb3DAO / @web3samaj â€¢ Community ğŸ«‚,111,2126,1775
imsp_18,Shivang | shivang.lens Ã°Å¸Å’Â¿,,239,1122,874
sjoban447,joban singh,â€¢ Currently learning Web Development ğŸ•¸ï¸ â€¢ B. Tech 2nd year student â€¢ Computer Science and Engineering â€¢ Interested in AI â€¢,0,0,5
prapttiii,Prapti,,20,104,72
SKCHAUB40739540,SATYAM CHATURVEDI,,17,0,262
ChaitanyPatel11,Chaitany Patel,"Aspiring Software Engineer ğŸ¯| Learning Full Stack Development (MERN) | Open SourceğŸ¤ | SSOC'23ğŸŒ
â€œIâ€™m not superstitious but I am a little stitious.â€",0,0,3
CodeWithVroon,Varun,Coder ğŸ’» | Tech Enthusiast ğŸš€ | DL ğŸ§  | PC Gamer ğŸ® | Living in my imaginary world ğŸ°,112,477,272
__Jaisurya,Jaisurya,"yeehawing..ğŸ˜Š
VESIT' 25 | Developer | @react | @LeetCode | GSSOC'23 | Tensorflow | Docker | Exploring Devops | Literature | Poet",19,192,357
shreya_nalawade,Shreya,Google DSC Lead'23 @dscabesit â€¢ Full Stack Web Developer â€¢ Part-time Chef ğŸ‘¨â€ğŸ³ â€¢ Open Source Contributor â€¢ Student Expert @getpostman,26,63,82
_keshav_malik,Keshav Malik,#piano @bts_twt,547,265,476
arogatii,Possible,world is yours,19,1334,63
SS_MINDS3T,Mindset,"Student at @NizamCollege ||
Pursuing BCA",367,13276,3175
srinivasputhepu,Srinivas Puthepu,,42,417,123
Keerthinathan13,Keerthinathan,,8,9,164
learn_sk5,s.k5,"Student@MVJCE

https://t.co/jvMofbCr31",7,0,209
Purusho57396691,Purushotham Gowda,,4,10,51
arul_018,4013 Arul Murugan R,Into development and competitive coding,1,2,68
niladrix719,Niladri Adhikary,,1,5,80
Bhuvan77510570,Bhuvan Sai Krishna,Trying to figure out.,17,55,193
rahulkumarhn1,Rahul Kumar,ğŸ˜˜ğŸ¥°ğŸŒºğŸğŸ‡ğŸ˜ƒğŸ˜ƒğŸ˜€,9,29,159
AdityaS77271124,Aditya Sahu,,2,1,48
Rajiv__Gupta,Rajiv,âœº Sharing my Development Journey #100DaysOfCode âœº GSoC'23 @RocketChat âœº Integration Ninja âœº OpenSourcer âœº Building in Public  âœº prev @neevfinanceHQ,1,0,84
NabhagMotivaras,Nabhag Motivaras,Studying B.E. Information Technology at SVIT Vasad,777,2559,865
PZanjrukiya,Pritesh Zanjrukiya,"I love Jesus ğŸ¥° || A data analytics enthusiast || Mathematician, critical thinker || loves music ğŸ¹",1,5,18
Ivie_Odia1,IvieOdia Ã°Å¸Å½Â§,,8,89,94
BharathBKRISHNA,Bharath B,,0,0,13
Prabhat62994017,Prabhat Mishra,#Believe,2,6,23
Vishal290919,vishal.eth,,7,88,285
Anurag_kumar93,Anurag Kumar,"Web3 focused software development company with extensive expertise in #blockchain, #smartcontract #Gamify, #NFTs, #Defi and #Tokenomics",2,4,106
vivinsoftware,vivin,,220,79,223
SanyaAr26294301,Sanya Arora,Founder - RoomDekhoo || Educator - Unacademy || Motivational Speaker || Full Stack Web Developer ||  DSA,4,27,46
Darshan9179,Darshan Sharma,"Cse@bitsathyofficial
1st year
New to Tech
Coding
Innovations
Explore with me
Proud Indian ğŸ‡®ğŸ‡³",69,149,130
keerthanaa2509,Keerthana A,My words will either attract a strong mind or offend a weak one.,12,57,79
kush3100,Blackhole,"XROS Fellow  || AI/ML intern @ST_World || AI/ML LEAD, GDSC GBU || Pytorch || AWS || Quantum ML âš›ï¸ğŸ’» || https://t.co/GpOVtFzGoI ||",126,3452,2292
HarshVasisht,Harsh,,93,49,943
sidd707888,Siddharth patel,We are here to help you in learning edge tools and technology and the various courses & certifications needed to master it.,0,0,47
CertiFiedBhavah,CertiFied Bhavah,Full Stack Dev | Blockchain enthusiast,4,5,48
bryson_gracias,BrysonGracias,âœ¨,49,77,145
ice_war_yeah,Aiswarya Lakshmi S,Patent Professional,3,7,17
vishalkumar4156,vishal kumar,,29,512,136
_mohitparmar_,Mohit Parmar,"Excellence is not a Skill , It's an Attitude",9,20,29
Simran_Shk,Simran Shaikh,,1,1,21
56It2b,IT2B_56_Poorva SRIVASTAVA,"engineer
mechanical 
Hari omğŸ™ğŸ¦",5,0,110
janiDada6,jani Dada,ğŸ,102,2345,1011
Shafaithussain_,Shafait Hussain Shah,Born at a very young age..ğŸ‘¨â€ğŸ’¼,9,2,19
KumarAn94709920,Ankit kumar,,64,44,3464
VEER41280794,Viral Rupani Ã°Å¸â€¡Â®Ã°Å¸â€¡Â³,LÃ m viá»‡c,9,64,65
caohanhvillas,Caohanh,I'm an expert in #Startup #BusinessFunding and I like to post #StartupTips.,26,109,428
AliciaMusSB,Alicia Musgrove,,652,845,4645
MdSaadA16931955,Md Saad Alam,Musician,2,2,41
Jeevansepic,Jeevan,"Just hold on.. everything will we fine.

CSE'26",2,0,21
darshi_akshat,Akshat Darshi,,17,86,454
HARIPRI70938822,HARIPRIYA,,1,0,27
shipkam,Nirbhay kamath,"ğŸ’»Software engineer
â–¶ï¸YouTuber (30k subscribers)
ğŸ“Šdigital marketing
ğŸ–¥ï¸Website designing
ğŸ“ˆSEO
ğŸ«study Live in Kanpur 
ğŸ˜ï¸Home in Etawah",340,468,3582
ASakhabat,Altmas sakhabat,,7,5,28
BhavikP26195527,Bhavik Patel,Problem Solver | Backend Developer | Open Source Contributor | Btech Student | Reader,15,259,630
garghimanshu47,Himanshu Garg,"A Technical Academician with soft touch of creative writing. I love to put my imaginations, emotions and thoughts into simple words to create a meaningful poem.",13,41,248
nirupam981,Nirupam,,6,27,44
Simmmmmmmm_,Simran Yadav,ğŸ˜‡ğŸ˜‡ğŸ˜‡,1,3,41
apkt_18,No one,jai jinendra,28,2765,1265
call_meee_nee,jainlearner,,0,14,59
lifeisunfairbro,boT,à®¤à¯€à®¤à¯à®®à¯ à®¨à®©à¯à®±à¯à®®à¯ à®ªà®¿à®±à®°à¯ à®¤à®° à®µà®¾à®°à®¾.,4,33,144
nithish_522,Nithish,,5,3,58
girase_harshada,harshada girase,,0,0,44
Shyamks7788,Shyam K.S,"Syntactic sugar
Out_of_Context",0,1,77
mr__addy_0132,aad,,11,199,283
SanskarAsati11,Sanskar Asati,Beta MLSA @Microsoft || @Google DSC'22 Web Developer Team || Harvard WeCode'23 Scholar || Full stack web developer ğŸ’» || #MSFTStudentAmbassadors,0,5,52
VANIMITTAL12,VANI MITTAL,,389,354,490
GaneshS30085289,Ganesh Sahu,"Codeable certified WordPress expert - Fullstack.
Building @zypento",0,7,76
srikanth_k_dev,Srikanth | MVP Builder,"Vidya Prasarak Mandal's
Polytechnic College, Thane,
Institution's Innovation Council",204,642,587
iic_vpm,VPM IIC,,15,42,9
shekharyadava,shuarya kamalvanshi,"- https://t.co/sP7793xTi7
- Incoming AMTS @salesforce | Ex Intern- Salesforce, Aviate
- Linkedin Coachin'22 | SIH 2022 ğŸ¥‡
- IIITV'24
- Backend âš’ï¸
- @Im_Madhur_Gupta â¤ï¸",19,9,82
Mugdha_s27,Mugdha Sharma,"https://t.co/0b0mQ5hGZL
Typescript â¤ï¸||Graphql || MERN || Flutter|| Postman Student Expert||Competitive programmer|| Gssoc'22",240,104,338
m4lw4r3_01,Debayan #statuscode0,"Embedded systems (IoT,Automation System)designerğŸ’»ğŸš¦..Ai System developer..3D 
object Design ..Student of knowledge...ğŸŒ¹ğŸ“..Proudly GITAMite et ABUsite ğŸ¦¾",42,123,855
Jamih_ad,JÃƒÂ£mih Adegoke,"Thapar ACM Student Chapter| IITJ | IITH
21
TIET CSE'24
Proud IndianğŸ‡®ğŸ‡³",42,114,226
SajeevYadav4,Sajeev Yadav,Web Developer â€¢ Passion for Open Source â€¢ Learning new tech skills to create impactful projects!,13,52,265
patelmuhammad03,Patel Muhammad,Money is Everything.  ğŸ’¸,25,70,75
ImAshJadhav,Ashish Jadhav,,7,11,90
_Abhishek_P7,Ã°Å¸â€™â€ºÃ°Å¸â€™â€º,"I seriously don't know anything, I am just here for tech, building things and jokes.
DTU '25",35,1925,342
callmeaaryan,Aaryan Mishra,"Bihari, hairy, rural creep. ğŸŒ± Burnt in melanin. âœ¨
Cursed, endless love. â¤ï¸ğŸ‡®ğŸ‡³ğŸ³ï¸â€ğŸŒˆğŸ•‰ï¸
SDE @TravelopiaGroup âœˆ Indie Musician @Spotify ğŸ¶
ğŸ“ BLR â€¢ MZPR â€¢ LKO",32,183,282
ParamSiddharth,Param Siddharth Manu (Ã°â€˜â€šÂ£Ã°â€˜â€šÂ©Ã°â€˜â€šÂ§),,1048,4648,4747
ashwin_bv1,Ashwin Kumar B V,Student,5,3,91
YUVARAJ26452974,YUVARAJ MORLA,"Life is too short to be sad, So KEEP SMILING !!!!",4,463,7
Harsh212003,Harsh,"RKM Insititute is a comprehensive, multi-campus public institution of higher education for students looking to master various careers.",5,5,36
RkmUniversity,RKM INSTITUTE,A genius should have 99% perspiration and 1% inspiration,15,420,87
BitLegion7,Reep ^=^,#Physicsâ™¥ï¸#Nature ğŸŒ´ğŸŒ„ğŸ’œ#Music ğŸ¹ğŸ¤ğŸŠğŸ’™#BooksğŸ“–ğŸ’œğŸŠ#Rainâ›ˆï¸â›ˆï¸â˜”ğŸŒˆâ¤ï¸#ChikenBiriyani ğŸ˜‹ğŸ¤©#CricketğŸğŸ’•,49,40,378
PareshK97721547,PARESH KUMAR SAHOO~Ã Â¬ÂªÃ Â¬Â°Ã Â­â€¡Ã Â¬Â¶ Ã Â¬â€¢Ã Â­ÂÃ Â¬Â®Ã Â¬Â¾Ã Â¬Â° Ã Â¬Â¸Ã Â¬Â¾Ã Â¬Â¹Ã Â­Â,"ğŸ¥‡ National App Development Gold Medalist , Learner, Explorer, Contributing Open-Source and App Developer ğŸ’».",17,373,712
akarsh__jain,Akarsh Jain,,149,165,665
Simran_NN,Sidd,,4,272,84
HariSan40710324,Hari Sankar Das,Community lead @gdsctsec | @getpostman student expert | @SIH2022_MIC winner | web developer ğŸš€,1,0,101
Harsh_h_shah,Harsh Shah,"ğŸ‘¨â€ğŸ’» Tech enthusiast | ğŸ’¡ Innovator | ğŸŒ World traveler | ğŸ“š Lifelong learner | Passionate about AI, gadgets, and sustainable living |",398,364,731
Vibhap60,Vibhav,Tech enthusiast & Notion lover | Computer Science Engineering Student | Learning Web Development | C | DSA (Cpp) ğŸš€ğŸ’™,14,183,296
Chetany0724,Chetan Yadav,,159,568,419
Mahesh28979659,Mahesh,,921,22374,1414
embwaetaluma,kayanja Nicholas,Penetration Testing Intern at Virtually Testing Foundation,114,179,950
KanereVidhi,Vidhi Kanere,,26,1,93
Nischal_Ad,Nischal Adhikari,git said green flags only ^,3,12,96
aanyakx,Aanya Panigrahi,,0,4,6
himanshi_nayak4,Himanshi Nayak,"We're all connected together, somehow.",2,0,19
Neilzblaze007,Pratyay Banerjee (Ã Â¦Â¨Ã Â§â‚¬Ã Â¦Â²) Ã®Â¨â‚¬,,154,5099,1897
tamizh__98,Tamil selvan,always stay with positive passion.,0,4,6
ShyamaBariha,Bariha.S,Bundelkhand University,12,24,523
rajputvishal077,VISHAL SINGH,If you donâ€™t follow me back itâ€™s your loss because I have nothing to lose,35,17,47
satishp132,Ã‘â€¢ÃÂ±Ã‘â€šÃÂ¹Ã‘â€¢ÃÂ½ ÃÂÃ‘ÂÃÂ±ÃŠÂÃÂ±ÃÂÃÂ±Ã‘â€šÃÂ¹,Software Engineer / Cyber security,33,22,140
Aj_Bade_,Ajay Bade,Let's do it..,13,19,127
SATYAMR98092260,SATYAM MISHRA,,2,19,38
ankit_op_,Ankit Ã°Å¸â€¡Â®Ã°Å¸â€¡Â³,,32,1217,313
Parakh_25,Parakh Gupta,,50,58,1427
MohiuddinShoeb,saul goodman,: ),3,18,274
aashishh_09_,Ashish,"I code sometimes!!!
(Downfall chal rha hai ğŸ™‚)",4,23,34
ultra_max_pro,Shikhar Singh,I'm currently pursuing btech computer science engineering in lovely professional University Jalandhar Punjab.,66,194,655
Kavitak98159420,Kavita kumari,java â€¢ dsa/leetcode â€¢ web dev â€¢ cse'25,3,12,98
PrathamRohra9,Pratham Rohra,,222,1137,907
arunkarthick_a,Arunkarthick A K,,1,0,74
Shekhargayen13,Shekhar Gayen,"I am a Computer Science Engineer
Developer
Tech Enthusiast",0,2,4
SaravavnanM,SARAVANAN MANIKANDAN,A Weeb who loves to Code ğŸ˜ª,5,203,165
RimoGhosh19,Rimo Ghosh,,50,76,608
VishalYadav_5,Vishal Yadav,,4,60,50
ChetanS34458063,Chetan Suryawanshi,#CodeWithSujit,8,4,114
sujitmicrosoft,sujit kumar sah,,3,43,94
MenakaRamasami,Menaka Ramasami,No description,1,0,22
3142_akay,3142Akay,master,8,88,84
daudkha62969101,daud jai hind Ã°Å¸â€¡Â®Ã°Å¸â€¡Â³,Student,121,3,2971
KameshRajD0728,Kamesh Raj D,"19 | Discord Community Manager 
Worked with @UniTradeApp / @softyearnfi / @Salad_Chefs / @boysnoize / @shroomzNFT

INACTIVE TILL IDK",1,3,15
thebowlpulp,Bowlpulp,I'm in a development phase..,140,233,245
IshitRajput2,Harshit Singh,"Student at Bundelkhand University, B-tech CSE '24, Computer. programmer (C, C++, Python), Full-Stack Developer",11,12,76
AdarshM33646840,Adarsh Mishra,,1,2,6
NeelGabani03,Neel Gabani,Passionate WebDev | SIH 2022 finalist,40,25,388
Rajm150503,Raj Mandaviya,We are a team of passionate people whose goal is to improve everyone's life through disruptive products. We build great products to solve your business problems,13,55,49
SunRoboticsTech,SunRobotics,Organizer @reactdelhi ğŸ‘¨ğŸ»â€ğŸ’» â€¢ Frontend Engineer ğŸ‘¨ğŸ»â€ğŸ”¬ â€¢ Former Intern @nokia ğŸŒ â€¢ @cncfdelhi Former Organizer ğŸ¤µğŸ» â€¢ Photographer ğŸ“¸,35,266,76
v4xsh,Vansh Kapoor,Good at art works....,271,2613,432
DineshRoy143,Sai Dinesh,Core member @HackTheSpace_ğŸ›¸ | ğŸ’» Frontend | âœ¨ Tech Enthusiast | SSTCğŸ“,1,0,10
mohit_makda,Mohit Makda,Hey there ğŸ™‹ğŸ¼â€â™€ï¸,42,92,163
GunjanMadhwani,Gunjan,"Learning  DSA | Javascript | React.js | Java | 3 ğŸŒŸ  Codechef | Tech communities | Volunteer @GuildDelhi | Volunteer @gdscWOWdelhincr
            Music junkie",8,0,39
asc_avi,Avneet Singh Chhabra,Pro-castinatorğŸ˜œ|  Dev @volvocars | @IIITKottayam,286,706,572
jt_harini,Harini Thirunavukkarasu,,2,8,43
sarthak_s_c,Sarthak Chandurkar,"â€œá´¡Êœá´€á´›á´‡á´ á´‡Ê€ Êá´á´œ á´€Ê€á´‡, Ê™á´‡ á´€ É¢á´á´á´… á´É´á´‡.â€ â€•Â á´€Ê™Ê€á´€Êœá´€á´ ÊŸÉªÉ´á´„á´ÊŸÉ´.    

ğŸ“š | Love Reading
ğŸ“ | KJSIEIT'23
ğŸ“¸ | ShutterBug",20,43,37
jay_munjapara_,Jay Munjapara,Blockchain Enthusiast,56,78,217
kalekar_a,Aksh 3.0,"ğŸ˜Android developer |ğŸ† Smart India Hackathon 22 Winner |
ğŸ’» Ex- Android Dev Intern BiBox Labs| Freelancer|
ğŸŒŸ Kotlin & Java are my secret weapons.",8,43,84
FREAK_VINIT,VINIT ASHOK HANABAR,"Writer ğŸ“and BloggerğŸ“ƒ | 
traderğŸ“ˆ coming to create soar
ğŸ¯ on Mission |#patriotismğŸ‡®ğŸ‡³",83,80,240
WriterAs_,Sunny mishra,,5,117,181
PhysicsMohit1,Mohit Chaudhary,"#Entrepreneur #CyberSecurity #SocialWorker

Also Tweet my thinks and problems so, let's follow me and enjoy my tweets activities 

Follow my insta id link â¬‡",9,73,147
RushikeshGarole,Rushikesh Garole,,19,70,120
MathurMugdh07,Mugdh Mathur,,9,239,165
Maheshbollu9,Mahesh Bollu,,1,22,55
VivekSh56686580,Vivek Sharma,Food Technologist,0,612,21
MKSHARMAFPT,MK Sharma,,154,252,3667
jeganrai10,jegan,,13,15,40
Anshika2468_,Anshika Kumari,"Python, Julia, AI, Cyber Law, Cyber Security, and Cyber Forensics, Speaker, Learner, Teacher, Mentor, Reviewer",3,3,19
gcdeshpande,"Gajendra Deshpande Ã°Å¸â€¡Â®Ã°Å¸â€¡Â³ FRSS, MBCS, SMIEEE",Software Developer || SIH'22 Winner || ğŸ‘¾ Debugging life!,684,7477,2740
_ishaver__,Isha Verma,UX designer | Core Member @dscabesit | Grand Finalist @SIH2022_MIC | Frontend Developer | Organizer @hacknovate 4.0,16,173,14
AmanSharma0052,Aman Sharma (He/Him),,79,54,176
manopragathesh,Manopragathesh,,18,1,204
1nh21ee086,Preetham_H_B,,0,0,3
ShivamY43797828,Shivam Yadav,"~Some call it awkward I call it way of life.        

        ~ coffee addict.",3,4,132
Pssiddharth1,siddharth ps,,30,160,83
kotgire_parth,Parth Kotgire,@AlchemyLearn,3,1,71
BishalS40514606,Bishal Sunuwar,,7,39,231
ROHITRAJ2424,ROHIT RAJ,"Fellow at NxtWave's CCBP Academy, passionate about 4.O technologies. In love with the coding challenges and hands-on projects.",26,1,909
akash_padala,Akash Padala,,150,73,143
raj_sundar07,Sundar Raj,"funny guy but also a teenager, unfortunately",0,0,10
AdheetAg,Adheet Agrawal,19 | student,0,1,46
tMohammedNadeem,Mohammed Nadeem,"Full-stack ğŸŒ|  Nextjs â­ï¸| ğŸ§| â˜ï¸Cloud |
âˆ Dev-Ops ğŸ¬| ğŸŒ3ğŸª¶my learnings and Views | ğŸ’¬I believe that curious people can bring many new ways to make life easier",2,3,175
Mr_Explorist,Lalit SharmaÃ°Å¸Å¡â‚¬Ã°Å¸Â§â€˜Ã¢â‚¬ÂÃ°Å¸â€™Â»,,24,110,1008
VedPrak39212943,Ved Prakash,studing software developement at international studies for professional studies davv indore,20,5248,278
05AbhishekPawa1,Abhishek Pawar,Upcoming Software Developer || Frontend Developer(ReactJS) || Learning MERN stack|| (ISC)Â² Candidate||,43,95,1056
Manojk2Abhishek,Abhishek Manojkumar SharmaÃ°Å¸â€¡Â®Ã°Å¸â€¡Â³,,91,288,1768
SamiyaK63318273,Samiya Khan,,0,0,5
GirishSonune,Girish Jagadish Sonune,Working as Assistant Professor in Department of ECE @CMSCET,5,7,304
sprabakaran87,Prabakaran S,"Money can be made (or lost) in the short term, wealth is built over the long run. Learn to consistently accumulate.",13,5,118
tommy46136,tommy2020.lens,Ball wil Bounce Back...,247,4786,4882
ArunAruncmr12,ARUN PRASATH,,0,0,71
Dinesh30793575,Dinesh,Passionately learning computer science!,7,3,37
anirbanc88,A12C58,"Cyber Security Researcher | 
Admin @shallvhack communtiy.",104,1392,2304
mymadhavyadav07,Madhav Yadav,,2,34,73
vkmaurya2001,varinder Kumar,SIH Grand Finalist '22| Web Developer |Artificial Intelligence |Machine Learning |Learner|Graduation '25,0,0,13
khyati_mishra7,Khyati Mishra,smile everyday,9,15,125
Shailes83527889,Shailesh Khandate,,3,10,25
BhuvanaInturi,Bhuvana Inturi,,12,0,276
RajashekarMR81,Rajashekar M R,,1,1,215
arshi_sabah,Arshi Sabah,tech and personal blog,3,11,63
threadsoflifebg,threadsoflifeblog,,14,132,122
WardhewarAkash,Akash Wardhewar,"à¬—à¬°à­à¬¬à¬¿à¬¤ à¬“à¬¡à¬¼à¬¿à¬†.ğŸ…Rank-14, ASO | Now S.O |ğŸ›ï¸Odisha Secretariat | Quizzing Movie Sports Cycling | Business n Brands | Geography â¤ï¸  Wants to 'be the change' |",1,3,77
SurendraP89,Surendra Pradhan,à¥ à¥¥ Evangelist à¥¥ Technologist à¥¥Diplomatic à¥¥ Above All Believer & Follower Of Sanatana (à¤¸à¤¨à¤¾à¤¤à¤¨) Dharma à¥¥ à¥,73,304,4992
vijaymantri,VijayÃ°Å¸â€¡Â®Ã°Å¸â€¡Â³,"à¤¤à¥à¤® à¤¸à¤¾à¤¥ à¤¹à¥‹ à¤¯à¤¾ à¤¨à¤¾ à¤¹à¥‹ à¤•à¥à¤¯à¤¾ à¤«à¤°à¥à¤• à¤¹à¥ˆ 
à¤¬à¥‡à¤¦à¤°à¥à¤¦ à¤¥à¥€ à¤œà¤¼à¤¿à¤¨à¥à¤¦à¤—à¥€ à¤¬à¥‡à¤¦à¤°à¥à¤¦ à¤¹à¥ˆ!!ğŸ’š",90,2533,729
loneguyatthebar,xceptstriver!! Ã°Å¸Â§â€˜Ã¢â‚¬ÂÃ°Å¸â€™Â»,,140,171,3329
Packianand,Packia Lekshmi,,4,1,5
Saip809701,Sai Pawar,ğŸ‡®ğŸ‡³ ll Social Worker ll Cricket ğŸ lover ll #CSK #TeamIndia,0,25,23
iamMpradhan,Manas K Pradhan Ã°Å¸â€¡Â®Ã°Å¸â€¡Â³,cursed life of a student,7,59,189
Bhaskar_690,Bhaskar Pandey,Student,5,5,27
aakash_gvt,Aakash Gvt,"Jack of all trades master of none, still any day better than master of one
âœ¦ Product Designer @FoyerWork
âœ¦ Core team @fuelerhq
âœ¦ Side hustle @bohon_co",41,12,1620
KunduMehul,Mehul Kundu Ã¢Å“Â¦ Ã Â¦Â®Ã Â§â€¡Ã Â¦Â¹Ã Â§ÂÃ Â¦Â² Ã Â¦â€¢Ã Â§ÂÃ Â¦Â¨Ã Â§ÂÃ Â¦Â¡Ã Â§Â,,339,1540,230
RADIANT_SAND,Kusum SWarnakar,"'The Sanatan Dharma, that is nationalism'
                            
Working for #Indic_Resurgence. CSE.
Opinionated on most things. Well read on many.",4,10,64
AreteKleos,AryaThumos:SolarPraetorian,"Future Computer EngineerğŸ‡®ğŸ‡³,
Massive Book ReaderğŸ“–,
WriterğŸ–Šï¸, Blogger âŒ¨ï¸.",1978,13778,3653
PakshalGhiya,Pakshal Ghiya,Official Account of GIDC Degree Engineering College (GDEC),10,20,73
gdeccollege,GDEC College,,43,171,26
aghori_sagar,CSUO.VIDYASAGAR A K,Entrepreneur,0,4,18
sanjay_entrepre,Sanjay,,22,21,108
actionaider,Karthick arun,Be happy ğŸ˜Š...be cool,1,0,17
sathish_saish,SATHISH,Take a smile with you everywhere you go.,7,3244,176
mangukiya_henil,henil mangukiya,,2,0,29
tweet2darwin,Darwin,,3,0,247
AyushiG2512,Ayushi Gupta,,8,3,76
aryannnsinha,Ry,21 || GDSC Leadâ€™23 @gdsc_usar || ACM-W Vice Lead @acmuss || LeadDev @SDC_USS || PythonğŸ‘©â€ğŸ’»|| IOT Sophomore @GGSIPU_EDC || Public Speaker || Professional Dancer,301,22,496
Taniska_Jha,Taniska Jha,"Free sex chat ( Women only )
à´¸àµà´µàµ¼à´—à´‚ à´•à´¾à´£à´¿à´•àµà´•à´¾à´‚
Gym Goer",104,51,92
Kidnappedsou1,Ã°Å¸â€œÂ¸Ã°Å¸â€œÂ¸,Student,188,237,488
MANIKANTARAJU14,MANIKANTA RAJU,,8,0,101
nharish24,harish,,22,77,332
vijay61218,vijayaragavan R,DSA threads â€¢ğŸ“CS,3,3,75
dn18dn18dn18,Devidutta Nayak,"Embedded systems, AI, ML & Deep Learning Enthusiasts",8,61,138
AntoHerald,Herald Antony,I am now 10th class student And Cyber security Advisor And Social Activist#cybersecurity#advisor,8,0,25
KumarNaveer,Naveen Rajput,"Striving in Ï€Â°
BE in AI ML",12,43,303
hussainafroz1,Hussain afroz,"Past ML research IIIT Una| ML, DL, NLP Enthusiast | SIH'22 winner | Kaggle notebooks expert",8,10,115
arinjay_pathak,Arinjay Pathak,ğŸ–¤,29,64,143
aashwin_kundu,Aashwin Kundu,frontend developer,6,6,40
KapilRa13060535,Kapil Rathee,,5,16,123
BrajKS28,Braj Kishor Sharma,IIIT K CSE '24,0,0,26
iamakarsh___,Akarsh Pandey,"MIDDLE CLASS INDIAN ,

ENGINEER, âœğŸ»âœğŸ»ALWAYS TRY TO LEARN SOMETHING âœğŸ»âœğŸ»",45,18,148
Arshad__Iqbal,Arshad Iqbal Ã°Å¸â€¡Â®Ã°Å¸â€¡Â³Ã˜Â§Ã˜Â±Ã˜Â´Ã˜Â¯ Ã˜Â§Ã™â€šÃ˜Â¨Ã˜Â§Ã™â€,Freedom from Permission - DeFi,76,54,3043
0xAbhay_Eth,Abhay Singh,"Computer science student
Web dev and blockchain enthusiast",25,20,341
Savyasachichat2,Savyasachi chaturvedi,Aspiring Frontend DeveloperğŸ‘¨â€ğŸ’»,20,55,317
Ranjith090,Ranjith,,11,4,724
shreyashh09,Shreyash Jaiswal,Personal Blog,4,0,21
MSDian_Biru_7,Birupakshya Panigrahi Ã°Å¸â€¡Â®Ã°Å¸â€¡Â³,,60,117,212
LOGESHK16,LOGESH KUMAR K,,38,90,760
McChandB,McChand,19 â€¢ECE '2026'  â€¢trying to do everything at once,3,2,556
VaibhavUmrao789,Vaibhav,Aspiring Software Developer ğŸš€ | C++ | Python | ğŸŒ Diving into DSA ğŸ“š | https://t.co/GA0n9f7BTpâ€¦ | https://t.co/WFWyzRovzb,30,1170,1024
intriguejateeen,jaaateen,"It you don't like maths, at least have a good sense of humour â˜º",15,810,214
Nii_AlYasa,Elisha,,57,1359,63
PatlolaSoumya,Patlola soumya,Manager Sales at KAARNAT for Shakti Hormann Industrial Doors ğŸ‡®ğŸ‡³,4,0,49
keshav1577,KESHAVA RAO JADHAV,let it be simple.,194,12233,748
vinayg007,Vinay,Building @ProjectXCloud Funding @iitbombay cohort @iimb_official | Scholarship @HackTheNorth '23 | ML Research @Woxsen,1,182,359
subhrokomol,Subhrokomol Das,,223,410,4454
Geniustechmedi1,Geniustechmedia,,64,347,1191
comrade_harish,Sree Harish Radhakrishnan,polymath|Blockchain Developer | Building @bobdao5| building the new idenity of tomorrow.|@ethindiaco winner| bangalore lead for stackos & shardeum,2,14,65
KDvaipayan,krishna dvaipayan is buidling,Fellow at NxtWave's CCBP 4.0 Academy.I'm in love with coding and Artifical Intelligence,163,308,264
AswinNagendra,ASWIN NAGENDRA KANNAN,Full Stack developer | Python | Django | JavaScript | Java | Spring | C# | Flutter | React | Angular,1,6,11
themrcompiler,Meghanath NalawadeÃ°Å¸â€¡Â®Ã°Å¸â€¡Â³,Professional Shitpost Scroller,3,0,78
Gdotkumar145,Kumar Gaurav,be what u are,9,89,93
LOGESHK96412088,LOGESH KUMAR,Learning Fullstack | Java |React,6,48,90
YasinShaik47,Yasin Shaik,,20,128,192
jibaapek,kallepalli bapayya,Intern at @India_iDEX | â€¢ Frontend Dev | â€¢ Ex-Intern @Cisco | @kiet_edu'24 | â€¢ Exploring Community spaces | â€¢ DevOps Learner | â€¢ Keep Moving | â€¢ open source ğŸ«¥,0,2,12
Amrendra_xSingh,Amrendra Singh,Nothing to say,12,90,328
TechieTech31,following_AtomicHabits,ğŸ‘¨â€ğŸ’»|| 1ï¸âƒ£8ï¸âƒ£ || CSE'26 || âœï¸Learning  Web developmentğŸŒ || C++ || CommunityğŸ«‚ || Love to talk about new technologiesğŸ’¡ ||Documenting my journeyğŸ™ƒ,0,1,150
shivam_tw,Shi.vam,ğŸ‡®ğŸ‡³,357,312,717
Priyanka_kGupta,Ã Â¤ÂªÃ Â¥ÂÃ Â¤Â°Ã Â¤Â¿Ã Â¤Â¯Ã Â¤â€šÃ Â¤â€¢Ã Â¤Â¾ Ã Â¤â€”Ã Â¥ÂÃ Â¤ÂªÃ Â¥ÂÃ Â¤Â¤Ã Â¤Â¾,| python| DSA,88,4234,847
Praveen14019996,Praveen,,17,12,88
yateenjoshi,Yateen V. Joshi,Summer SDE Intern@Adobe@ IIT Madras Diploma In Programming @BTech computer science and engineering fro-GBU.,50,399,47
012Bcs,Anurag Shukla,,27,175,461
Harsha59215164,Harsha,Cricket FanğŸ,0,10,16
dananjeyan_dj,Dananjeyan,I get along so nice with people,21,434,763
MosbeeTeddy,Teddy Mosbee,Seputar Dunia Otomotif,17,5,215
Manggala_PM,Manggala_Prima_Motor,,3,29,108
HariOmJ83591565,Hari Om Ji,,0,1,28
RitamDa55131666,Ritam Das,,5,72,73
vram4891,vijayaram sangadi,Live a Life Less Ordinary | BCA @Chandigarh_uni | Defence aspirant | à¤­à¤¾à¤°à¤¤ à¤®à¤¾à¤¤à¤¾ à¤•à¤¿ à¤œà¤¯ | Golf â›³| CS ğŸ–¥ï¸ I Computing Expert,4,0,171
SaumyajeetDas,Saumyajeet DasÃ°Å¸â€¡Â®Ã°Å¸â€¡Â³,"M.E.,C-DAC| Engineer@SGGSIET-AICTE Lab Nanded|Technology|Innovation|Entrepreneurship| Start-up|Incubation| Exploration| & 
|Farmer@MyFarm,Ekurga|Agriculture",154,6568,1328
surajkulkarni9,Suraj D. Kulkarni,Dev & Tech addict,94,205,867
SalimDanKobo,Salim Laouali Dan Kobo,,7,42,198
AmbitAmbit2,Ambit Ambit,"Aspiring Student ğŸ’¥.......... 
Blink and Directioner ForeverğŸ’—ğŸ«¶.......... à¤°à¤¾à¤§à¥‡ à¤•à¥ƒà¤·à¥à¤£ ğŸ™ğŸ¦š",13,10,687
tarunk_8924,Tarun Kancherla Ã°Å¸â€¡Â®Ã°Å¸â€¡Â³,working on glimpse to get the picture..ğŸ“š,58,1850,60
tejakarthik28,teja karthik,"artist
web designing
https://t.co/kWK3gzsadr
freelancer",4,32,114
KP7102,krishna Prasanth.S,,21,204,483
AnushkaYadav176,Anushka Yadav,fitness enthusiast with stimulation in coding,7,53,30
notokaypranjal,theycallmepranjal),,211,321,368
TubatiYeswanth,yeswanth tubati,,3,0,17
ramshunnu,ram,Pranam ğŸ™Œ,54,14,497
ashurods322,Aashutosh Pandey,"Anime and Manga geek
Loves reading and gaming
And sometimes wander in my own imagination",0,2,67
NamanKun01,Naman Agrawal,Keen on Sportsâš½ï¸ğŸğŸŠğŸ»â€â™‚ï¸ TechnologyğŸ‘¨ğŸ»â€ğŸ’» GymğŸ‹ğŸ» TravellingğŸš¶ğŸ» BooksğŸ“š,8,2,19
Gowshik23,Gowshik,"learning more in TECH â€¢ENFP â€¢programing club lead @IIITGhy â€¢ AI/ML â€¢julia astierake â€¢ C++, py â€¢  @GDSC core team members â€¢ webdev â€¢ğŸ“–HIDDEN EMOTIONS'",41,0,1201
iswatin_,Swati,,479,207,266
Nishant22k,Nishant Roy,..,18,1,190
DrRahulDixit6,Pranvi,Design â€¢ Engineering â€¢ Physics â€¢ CS,33,102,479
taimoorahmadx,Taimoor Ahmad,"ĞŸĞ»Ğ¾Ñ…Ğ°Ñ Ğ½Ğ¾Ğ²Ğ¾ÑÑ‚ÑŒ - Ğ²Ñ€ĞµĞ¼Ñ Ğ»ĞµÑ‚Ğ¸Ñ‚. 
Ğ¥Ğ¾Ñ€Ğ¾ÑˆĞ°Ñ Ğ½Ğ¾Ğ²Ğ¾ÑÑ‚ÑŒ Ğ² Ñ‚Ğ¾Ğ¼, Ñ‡Ñ‚Ğ¾ Ğ²Ñ‹ Ğ¿Ğ¸Ğ»Ğ¾Ñ‚.",69,179,1207
I_AyushTripathi,Ayush Tripathi Ã°Å¸Â§Â¡,"All is well, End is well",5,51,78
19me027ebi,EBINAZER A,,238,503,5001
koshika_lamba,Koshika Lamba,,8,9,62
sivananthan1805,sivananthan,"Developer Advocate | Ex-@yugabyte DB | @ThePSF Fellow | Pythonista ğŸ and a byte of ğŸ¦€ |ğŸ¤¹â€â™‚ï¸ @pyconindia, @gdgchennai, @kcdchennai | #opensource ğŸš€",1,0,16
StalwartCoder,Abhishek (He/Him),Cricket is life and beyond.,2508,8203,4992
i_am_Ash_,ict_fan,"GDSC AI/ML Dev || GDG Indore || SIH'22  Winner ğŸ¥‡|| ETHIndia Winner ğŸ†|| etc etc || Let's Connect and Collaborateâœ¨ || 
Already started shit postingggğŸš€ğŸš€",80,985,1192
arushi_sthapak,Arushi Sthapak Ã°Å¸Å’ÂªÃ¯Â¸Â,"We developers feel very satisfied while doing our projects.
@SIH2022_MIC SIH 2022 Winner",1062,1167,1503
AnantMi_,Anant Mishra,,125,85,357
ashokarm2011,Ashok Tiwari,We're all bad in someone's story...,1,111,32
wtfudit,Udit,"ğŸ“ Aspirant
ğŸ“ Chennai",3,7,41
karuppa90738548,karuppasamyÃ°Å¸Å½Â­,,124,365,522
MohitYa55919859,Mohit Yadav,Question everything,3,0,26
TumeloNtsonyana,Questions,à¤¶à¥€à¤²à¤‚ à¤ªà¤°à¤®à¤‚ à¤­à¥‚à¤·à¤£à¤®à¥,637,288,4988
bhdesai2002,Bhargav Desai,,18,18,266
AEnguang,Amador Enguang,KIRAN,1,5,14
kiran_maddela16,Kiran Maddela,,18,832,260
Touaf_BOUAB,Touafic Bligni BOUAB,,3,4,19
Vedantg_18,Vedant Gaikwad,,2,5,56
jnanaojha,jnanaranjan Ojha,,18,15,136
l_michlin,Arul Michlin L,"Too dead to die....
On my way to become tech baddie...!!!",4,5,13
gammagirl18,gamma.girl,Tech | java | open sourceâœ¨,11,70,439
Krishna_I7,Krishna,,14,158,177
KaranAsoliya,Karan Singh Asoliya,"Lamborghini Lover ğŸ˜ğŸ˜ğŸ˜ğŸ˜
Hungry for money",6,30,105
AbhishekWagh411,Abhishek,IFB,2,12,87
t__drizzy,Nyasha Mandizvidza,,1354,1672,1655
Big_Brains69,Anirudh Soni,,5,21,91
prashan94613996,prashant singh parmar,#HIGHONLIFE  +Ã—,0,0,64
KAdhatrao,Kedar Adhatrao,Frontend Engineer || Javascript || Reactjs || Typescript || Technical writer.,8,17,73
algocodeman,Emmanuel Umeh,,233,274,2023
Harinireddyk1,Harini reddy .k,Ã‰tudiante en 3eme annÃ©e de dÃ©veloppement d'application web/mobile.,0,1,43
NyakiweSemou,Nyakiwe SEMOU,,6,59,19
fermin_loeri,FermÃƒÂ­n COPOBORÃƒÅ¡ LOERI,"Phd student in computer science at university of Maroua Cameroon ğŸ‡¨ğŸ‡²
Mobile ğŸ“±, Desktop ğŸ–¥ and Web ğŸŒ developer",2,10,21
IsaacTouza,Touza Isaac,,40,29,157
VansEvano19,Evans Otieno,Master's @IITKgp,5,6,92
Dilmehak_Kaur,Dilmehak Kaur,,47,548,2172
dedsyncz,Rohan Lobo,Senior Engineer at Quest Global,1,2,74
e4ekam28,EKAMBARAM MARUTHAPPAN,"ğŸ‡¹ğŸ‡¿
Happy personality with heavy soul",10,0,474
MtaeMercy,Mercy Alfred,,37,105,178
ShivamS14126156,Shivam Singh,ğŸ„½ğŸ„´ğŸ……ğŸ„´ğŸ… ğŸ…‚ğŸ„´ğŸ…ƒğŸ…ƒğŸ„»ğŸ„´,1,29,8
sharat_9999,Ã°Ââ€¢Å Ã¢â€ÂÃ°Ââ€Â¸Ã¢â€ÂÃ°Ââ€Â¸Ã°Ââ€¢â€¹ Ã¢â€â€šÃ¢â€ÂÃ°Ââ€Â¸Ã¢â€â€¢Ã°Ââ€Â»Ã¢â€ÂÃ°Ââ€Â¸ Ã°Ââ€¢Å Ã°Ââ€Â¸Ã°Ââ€¢â‚¬ Ã°ÂÅ¸Â¡Ã°ÂÅ¸Â¡Ã°ÂÅ¸Â¡Ã°ÂÅ¸Â¡ Ã¢â€Â¢ÃŒÂ¶ Ã¢Å¡Â¡,Believe you can and you are halfway thereğŸ’«,5,80,168
pophali_anuj,Anuj Pophali,Just another nobody..,0,0,47
alokosx,Alok Patel,,2,8,25
MathuMi65255356,Mathu Mitha,"#à¤¶à¤¿à¤µà¤ªà¥à¤°à¥‡à¤®à¥€ğŸ§¡ğŸ”¥â›³ #Self-RespectğŸ¤â¤ğŸ”¥âœ¨â¤......  â˜˜ğŸ–¤#à¤¬à¤¾à¤ªà¥à¤ªà¤¾â¤ #à¤®à¤°à¤¾à¤ à¥€_à¤®à¥à¤²à¤—à¤¾ ğŸ”¥
â€œà¤¯à¤¦à¤¾ à¤¯à¤¦à¤¾ à¤¹à¤¿ à¤§à¤°à¥à¤®à¤¸à¥à¤¯ à¤—à¥à¤²à¤¾à¤¨à¤¿à¤°à¥à¤­à¤µà¤¤à¤¿ à¤­à¤¾à¤°à¤¤à¥¤
à¤…à¤­à¥à¤¯à¥à¤¤à¥à¤¥à¤¾à¤¨à¤®à¤§à¤°à¥à¤®à¤¸à¥à¤¯ à¤¤à¤¦à¤¾à¤¤à¥à¤®à¤¾à¤¨à¤‚ à¤¸à¥ƒà¤œà¤¾à¤®à¥à¤¯à¤¹à¤®à¥à¥¤à¥¤â€",2,3,27
prathmesh_2455,PrathmeshÃ°Å¸ÂÂÃ¢ÂÂ¤,"Assistant Professor, Department of Life sciences, RDWU, India",495,20131,291
Alok33429004,Alok,,57,129,242
kd_dharanish,dharanish kailasam,19| tech+ creativity | UI/UX design | Prompt Engineering | open to connect with people.,0,0,8
Vishwajit48,Vishwajit Singh Guleria,"Assistant Professor,
Department of Data Science,
Loyola College,
Chennai-034",27,295,141
manimkn89,Manikandan P,"Engineering student (ğŸ–¥ï¸)
cskğŸ’›
mahiğŸ’–",1,3,64
Santu1317,Santosh kumar sahoo,"A forum of thoughts and perspectives designed to ignite conversations and actions leading to growth, and occasional self promotion. #NeverGiveUp #RiseAboveHate",11,3,206
JohnCena,John Cena,Radhe Radhe ğŸ™â¤ï¸,14178252,7553,647737
0022nandini,Nandini Anand,UX Designer | Passionate about design with accessibility | Actively looking for internship roleğŸ‘©â€ğŸ’» | Corner artistğŸ‘©â€ğŸ¨ while feeling overwhelmed,30,19,1082
ARPITAD68351478,ARPITA DUTTA,,18,55,147
SattarSuhaib,Suhaib Sattar. A,SDE Intern @ NSPCL : NTPC - Steel Authority of India | IT Undergrad 25' | Front End Web Developer | Freelancing  | Loves Teaching â¤ï¸ |,1,0,31
thatnoobcoder,Siddhant,,31,48,232
AdityaBhaiDeep2,Aditya Bhai Deepak,,1,3,133
C10Madhumitha,Madhumitha .C,Software Engineer,0,0,4
NeelDwivedi2,Neel Dwivedi,"ex-kvian ||
Engineer by Passion ||
Exploring devops",46,258,369
RadhakantPanda1,Radhakant Panda,BEING UNIQUE IS MY STYLE,8,12,92
Applelo96522941,Apple lover,Student,0,9,39
vignesh22720509,vignesh,"Full stack DeveloperğŸ–¥ | OpensourceğŸš€ | Student Expert 
@getpostman | BlogsğŸ“™ | DTU'25 MCE",1,1,81
KunalVerma2468,Kunal Verma,Chepanu brother,244,562,1143
joshi_manohar25,Joshi Manohar,,14,44,55
IIC_MITCORER,IIC MITCORER,"ğŸ‡®ğŸ‡³à¤­à¤¾à¤°à¤¤ à¤®à¤¾à¤¤à¤¾ à¤•à¥€ à¤œà¤¯ğŸ‡®ğŸ‡³
â¤ï¸à¤µà¤¨à¥à¤¦à¥‡ à¤®à¤¾à¤¤à¤°à¤®à¥â¤ï¸
ğŸš©à¤œà¤¯ à¤¶à¥à¤°à¥€ à¤°à¤¾à¤®ğŸš©",16,25,29
ThakrHarshDahri,Ã Â¤Â¹Ã Â¤Â°Ã Â¥ÂÃ Â¤Â· Ã Â¤Â°Ã Â¤Â¾Ã Â¤Å“Ã Â¤ÂªÃ Â¥â€šÃ Â¤Â¤,,68,23514,1669
Varunsa84770151,Varun sahani,,4,3,316
vino_slm,K Vinothini,MD.,0,0,795
tarawnehms,Mohammed Al-Tarawneh,,104,8,2308
Gireeshsiddi,Gireesh,,1,3,23
Sanskhuz,Sanskar khandelwal,Socialist,4,4,76
deepaksaxena20,deepak saxena,,60,307,357
