screenName,name,bio,followersCount,friendsCount,tweetsCount
mhrd_innovation,MOE's Innovation Cell- GOI,"Ministry of Education's Innovation Cell - Government of India, Official Handle",35873,42,1240
_RobinRoy,Robin Roy,"Building cool stuff. erevald @_buildspace

working on the current thing (https://t.co/Y2E4Pb2MBT)",95,612,526
sandipmaths,Sandip Chatterjee,Common Man,2,59,1
shak103254,Shakti Nayak,"Full stack Developer (MERN) âœ¨â€¢ Machine Learning ğŸ‘½â€¢ Deep Learning ğŸ¦â€¢ Sleepy head ğŸ˜´ ğŸ—£ï¸ 
Old Account hackedğŸ¥²
New Twitter account ğŸ™‚",14,35,29
dranuragverma22,Dr. Anurag Verma,"Asst. Professor, IET- Lucknow | â€œà¤œà¥à¤à¤¾à¤¨ à¤¸à¥‡ à¤¶à¤¬à¥à¤¦ à¤¸à¤®à¤ à¤®à¥‡à¤‚ à¤†à¤¤à¥‡ à¤¹à¥ˆà¤‚ à¤”à¤° à¤…à¤¨à¥à¤­à¤µ à¤¸à¥‡ à¤…à¤°à¥à¤¥â€|",130,438,322
Anky22cool,Ankita awasthi,,38,583,222
vemuitchittoor,Vemu Institute Of Technology,"""To Experience Tomorrow Visit VEMU Today""",5,27,69
DevDotDaksh,Daksh Deep ğŸ§‘â€ğŸ’»,Android Developer | Grinding Flutter these days | Working on NGO_Nexus | Novice Data Scientist #buildinpublic,347,689,972
mohanpus,mohan,,48,459,340
anshusrivastw,ADITYA RAJ SRIVASTAVA,,1,42,8
Kuldeep58644134,Kuldeep_Mishra,"CSE ğŸ’¯ğŸ’¯

ğŸš©ğŸš©à¤¸à¤¨à¤¾à¤¤à¤¨ ğŸš©ğŸš©

performance becomes by product âœŒï¸",7,418,59
akb6406,Ankit Baghel,"Software Developer Intern at @EMSECUK | Leetcode Enthusiast(1600+ rating) | Final-year https://t.co/4S48vDDavD Computer Science
ğŸ’» MERN Stack Developer",7,67,19
uvesh446,uvesh,learning web development || open-source enthusiasts,2,70,0
SarveniB,B Sarveni,,0,15,0
Sarthak01431462,Sarthak Bansal,,2,32,6
YuvrajGupt71098,Yuvraj Gupta,,0,15,0
pforpani4,srikanth panigrahi,,0,5,0
motivator108,LIMIT THE IMPOSSIBLE,"The Only True Failure Is The Failure To Try.
Good Intentions Pave The Way For Positive Outcomes",0,17,35
StyxWorking,Twilight Levi,Hi,0,3,9
srujana_05_,srujana,,2,42,0
Premrajput69,PremrajputğŸª¬,"In search of intellectual independence , proud trader !",23,190,83
ParthG77,Parth G,Aspiring web developer & Devops enthusiast. Constantly learning and exploring new technologies ğŸ‘,14,444,34
Hi_Shinobi,Gaurav Singh,A student,24,350,915
_Parag_Das,Parag Das,Student,1,49,25
kundan_singh91,kundan_singh,ITS ALL ABOUT Perspective,30,263,64
krishnaAgr2992,krishna agrawal,Blockchain Developer,13,45,8
Purnendu987,Purnendu Naskar,"â˜†ê§ ğ‘µğ’‚ğ’•ğ’–ğ’“ğ’† ğ’Šğ’” ğ’ğ’Šğ’‡ğ’† 
ğ’ƒğ’–ğ’• 
ğ‘¾ğ’‰ğ’‚ğ’• ğ’Šğ’” ğ’ğ’Šğ’‡ğ’† ğ’˜ğ’Šğ’•ğ’‰ğ’ğ’–ğ’• ğ’ğ’‚ğ’•ğ’–ğ’“ğ’†?   ê§‚â˜†",10,329,6
SUDHAKARIT86,SUDHAKAR DWIVEDI,,16,104,122
gautamkp078,Gautam Pandey ğŸ‘¨â€ğŸ’»,"Freelancer |programmer| web development | Working at localhost:3000 | Neogcamp 23 |
à¤†à¤²à¤¸à¥à¤¯à¤®à¥ à¤ªà¤°à¤®à¤®à¥ à¤§à¤°à¥à¤®  ğŸ¥±",257,1326,1278
AOM7112,OM Asalkar,Valorant IGN:NTKID #6T9,12,40,1
g_mukesh_,G Mukesh,Hello,10,133,1042
YUNUS600877201,YUNUS,idol Elon,3,32,31
apsdesai,ripe sun,,0,37,1
unknown907194,Rishu raj,trying to code my life..,0,17,16
D3_14159,D3.14159,Yes,13,290,33
Iamsupriyo28,Supriyo Ghosh,Science and technology can solve all the world's problems..BTECHğŸ‘¨â€ğŸ“ IT26 HIT.FRONTEND DEVELOPER ğŸ’».I am a learner who likes to share his/her deep learnings.âœ,173,839,125
Srajanstwt,Srajan Bansal,Building a profile || Open Source Enthusiast || DSA || Learning MERN stack,13,62,194
Pintukumar1012,Pintu_kumar,"â€¢CSE'25  ğŸ“ ğŸ’»

 â€¢ Learning Full stack developer || SDE || Learning DSA ğŸ” in C++ .",11,105,3
sarika1219,Sarika,,0,22,0
jaydipsinh_13,Jaydipsinh Solanki,Web Developer ğŸ‘¨â€ğŸ’»,2,10,0
DeepakK54534823,Deepak Kumar Saini,Student,1,48,0
Mrsaivarshith28,SAI VARSHITH,,15,716,77
njnrn,Niranjan Patil,"Steamrolling security in startups, businesses & governments. Researcher, Tinkerer, Novice Runner. Founder @OPSECLabs #OSINT #Privacy #HinduCause njnrn.eth",1384,1044,32047
maxy9088,MazeJack,Coding ğŸ§‘â€ğŸ’» | DsağŸ’» | Freelance | #100DaysOfCode | Frontend ğŸ–¥ï¸,12,103,2
harmeetsaini76,Harmeet Kaur,"MasterTrainer- UNESCO MGIEP courses, Received Teacher of Innovation award by cbse, State winner award by Ministry of Culture, eRaksha competition 2022 winner ğŸ†",396,108,2658
neela_saikiran,Neela Saikiran,Something special Sai with always smilingğŸ˜ŠğŸ˜Š,16,72,2
NNjaggie,Jags D Hustler,"Startup Generalist
Sell 1st, Build Next 
Minimalist. #BuildingInPublic
#NoCode Fan. #Robotics #MachineVision #ADAS 
 
ğŸ•‰ï¸ğŸ‡®ğŸ‡³",416,3494,4887
coder_chintu,Raj Kumar,A student of Computer Science and I love computers. I'm highly interested in cyber security and C|EH.,43,163,249
anjali51180,Anjali yadav,,1,19,5
hiAbhishekh,Abhishek,,9,152,22
rohiitcodes,Rohit,"there is good in this world.
code and poetry, that's all I do.",181,107,2255
Sanju_46_,Sanju,,1,20,1
PcGajendran,Gajendran P,Assistant Professor,65,80,46
Rajakumar2711,RAJAKUMAR. V,,0,11,2
gandherva2002,Chirag Gandherva,,0,16,0
TotalaTulsi,Tulsi Totala,,1,6,0
EddyPraveen,EddyPraveen,,0,25,64
shivamlth27,Shivam,BTech DSAI'26 || Data Science and Artificial Intelligence || IIT Bhilai,1,61,0
SA15284617,Saranya Adhikary,"Proton gives an atom it's identity,
neutron gives personality.",27,207,97
HarshalRMishra,Harshal Mishra,,26,419,126
Rina3AP,Rina Pawar,Frontend Dev  ReactJS || Learning DSA  Java || Passionate about coding & growth,25,122,77
SwaroopBhagwat2,Swaroop,"DBIT'25/
Fitness/Music Production/Photography/Martial Arts/Blockchain Enthusiast.",105,525,69
MeSusendaran,Susendaran V,,45,701,4
pratikpol,Pratik Pol,https://t.co/CO8vJIPX1z,15,445,14
patil_sakshi8,Patil Sakshi,God girl,2,13,4
Daxesh52,Daxesh,ğŸ˜,43,227,21
MAYANKMANGALMO1,MAYANK,,1,31,4
imcoder06,Abdus Samad,My self is I am coder.,0,15,6
SakshiTamshetti,Sakshi Tamshetti,"ğ¸ğ“ğ“…ğ“ğ‘œğ“‡ğ’¾ğ“ƒğ‘” ğ“‚ğ“ ğ“‰ğ’¾ğ“ƒğ“ ğ“ğ’¾ğ’»ğ‘’â€

ğ¿ğ‘’ğ’¶ğ“‹ğ’¾ğ“ƒğ‘” ğ’¶ ğ’·ğ’¾ğ“‰ ğ‘œğ’» ğ“ˆğ“…ğ’¶ğ“‡ğ“€ğ“ğ‘’ ğ‘’ğ“‹ğ‘’ğ“‡ğ“ğ“Œğ’½ğ‘’ğ“‡ğ‘’ ğ¼ ğ‘”ğ‘œâ˜…",5,15,2
ShivamT50796733,Shivam,,0,8,7
shrikantpawar03,ShrÃ­kant pawar,A passionate web developer,3,81,0
me_Abhishek01,Abhishek Kumar,"2nd yr https://t.co/gb7Cyqthko (CSE) student |
Insta - https://t.co/qVqv2zS807",0,29,2
Shruti_Anand20,Shruti Anand,,0,65,5
RehamathunnisaA,Rehamathunnisa Ali,,1,25,0
SDileeban2,à®¤à®¿à®²à¯€à®ªà®©à¯,ğŸ¤©,109,1716,562
ANYAMPAVANKUMA1,PAVANKUMAR,,8,52,4271
P_Kaushal9712,Prashant kaushal,DSA | JAVA | WEB DEV,20,120,127
bigblz_blaze,Bhabartha Prakash Gogoi,,0,14,32
YKondkari49706,Yusuf Kondkari,,15,52,0
invarr0w,Abdul Rahman ArMğŸŒŒ,"âš™ï¸Learner by heart, chills with Art ğŸ‘¾ Working on robos and Building @Vistech4all",14,143,178
Shobhits_IITK,Shobhits,"Research Scholar @ IIT Kanpur | Exploring Geospatial, drone tech, ML  in River science research | Join me on this scientific journey !ğŸŒğŸ’¡",373,1406,322
RishiRaamNS,Rishi,Documenting my journey to $10k/month as a Solopreneur through Design and Copywriting.,8,62,111
vinayak_mapari,Vinayak Mapari,"On a quest to conquer the gaming world, one level at a time.  Pursuing pro status in my own way. Join me as I write my own gaming story!  #SoftwareDeveloper",20,254,69
heyares06,El_Ares,Born innocent...Become imperfect...and Now immoral...!!!,0,6,19
MukeshKuiry7,Mukesh Kuiryâš¡ï¸,Building @useFreeflow ğŸ§­ | Ex - Software Developer @unsnarl_secure âœ¨ | Building @by_clueless ğŸš€ | Exploring DevOps and Cloud | Leetcode 600+ | HIT CSE'25 ğŸ‘‹,117,259,368
aagneyesyam,Aagneye,Lining of my skin won't spell a word,29,121,165
AadhavanGreen,Aadhavan Green Energy Solutions,"We are a Leading SOLAR EPC COMPANY ..We Design, Procure , Install and Commissioning the Green Energy Power Plants",15,215,4
aravindhanav357,Aravindhan,Just live the moment âœŒâœŒ,1,86,2
MathanR35970188,Mathan _Raj,I'm mathan raj. I like robotics,1,108,12
PUdayamani,Udaya Mani Pedada,"I'm a student at GMR IT and NxtWaveâ€™s CCBP 4.0 Academy | Knows Python, Front End Development | Looking for internships",230,37,36
MrVip_984,Nagaraju Boyapally ğŸŒ,Darling ğŸ’“,125,724,1816
im_zor06,RORONOA|ZOROâœŒï¸ğŸ–ï¸,"|crypto enthusiast| |love blockchain| |@hasukinfts,@nfthook1,@TRAVELERS_ln,@cripticdao,@desuilabs| ğŸ‡®ğŸ‡³ still beginning phase of coding âœŒï¸ğŸ§Š",1063,4482,17303
bavishnu22,Bavishnu,ğŸ‡©â€‹ğŸ‡´â€‹ ğŸ‡§â€‹ğŸ‡®â€‹ğŸ‡¬â€‹âœŒï¸ ğŸ‡§â€‹ğŸ‡ªâ€‹ ğŸ‡§â€‹ğŸ‡¦â€‹ğŸ‡©â€‹ğŸ¥µ,2,33,2
0armaan025,Armaan,Learning Computer Science | Development and Hackathons,22,42,67
praveen_958,Praveen ChouhanğŸ‡®ğŸ‡³ğŸ‘¨â€ğŸ’»,"Learning Data Structures and Algorithms ğŸ‘¨â€ğŸ’»
Soo eager to share my journey with you.",6,199,29
aprata_sona27,APRATA SONA,,0,26,2
VishnuSanalT,Vishnu Sanal T,You're Awesome :),35,286,4
BharatiyaB56456,Bimal Pattnaik,"Strength is life,weakness is death.
Koraput district special reporter Focus Plus",244,1559,52
Sriram_31_,Sriram,âœŒ,6,255,30
shubhamkumar029,Shubham Kumar,Problem-Solving Software Engineer ğŸ‘¨ğŸ»â€ğŸ’» | ğŸŒ Web Developer | WordPress Specialist ğŸ”§ - Fixing WordPress Bugs with Expertise ğŸš€ | Creative Graphic Designer ğŸ¨,28,68,0
YadavNikhil093,NIKHIL YADAV,,0,8,1
YashCha14896229,Yash Chaudhary,Yash Chaudhari,8,529,30
Prashant20202,Prashant2020,"Senior Reporter @DainikBhaskar,@IIMC - India",210,2070,312
Am306166Mishra,Abhishek Mishra,,0,73,1
Surajj91,Suraj Choudhary,,6,148,6
SivamSanka34542,sankar sivam,,0,14,0
GudapuRamu,Ramu Gudapu,,1,33,16
Suraj74858404,SURAJ,Void,15,279,455
Moin_Hossain26,Moin Hossain,,2,11,3
x_just39953,JUST CALL ME X,,0,4,1
mbhatte1,ManmathğŸ‡®ğŸ‡³,"ğŸ‡®ğŸ‡³Nation First.

| NavodayanğŸ’™",42,2411,268
ritikakhurana41,Ritika Khurana,kyu Janna h bhai ?,1,60,61
Praveenp1P,17-PRAVEEN P,,4,69,4
suju_tadadikar,SUJIT TADADIKAR,"PillaiteğŸ¤˜â¤ï¸ 
Alma Mater @pillaicollege
ğŸ‘¨ğŸ»â€ğŸ’» Engineer by Profession | ğŸ‘¨â€ğŸ³Cook by PassionğŸ”¥â¤ï¸
#Computer_Science_Engineering_GradğŸ‘¨â€ğŸ“ğŸ¤Ÿ
#GoanğŸ˜
#MumbaikarğŸ˜",76,1179,494
Selvaku75699269,Selvakumar S,Academician and Researcher (Finding Sustainable Solutions for Transportation Infrastructure Problems),11,308,50
vikaskr_07,Vikas,,72,151,4046
Divine_Angel999,Shravni,Accepting The Reality ğŸ€ğŸ€,217,238,4325
IIC_CIT_Chennai,"Chennai Institute of Technology, Chennai","Chennai Institute of Technology is an Industry-connected autonomous Institute, and is a co-educational engineering college located at Kundrathur, Chennai",7,17,28
UshreeDas,Ushree Das,,0,28,10
Periyas54890391,Periyasamy P,"STEM & ICT Educator. #Flipgrid Certified Educator, @MIE, @Skype Master, #Minecraft Trainer, #STEM learning, #Kahoot, #WakeletWave",34,163,25
lam_phani,Phani sai Lam,,0,5,2
RosalinaFe9832,ScrollUnlock,"Goal is to make things secure.

https://t.co/opilbe7Rwu

https://t.co/1diWKpLblI",23,169,903
Yashi84434249,Yashi,,79,429,7726
yashkadole007,Yash Kadole,machine learning | writing down my thoughts,46,1782,397
mohitvdx,Mohit Verma,Web3 ğŸš€| DeFi,29,92,172
Arivazhagan1011,Arivu Alagan,ğŸ˜ğŸ˜ğŸ˜,1,89,0
anvaymajhrout22,Anvay Majhrout,,2,32,9
linardur,Rudranil Bhattacharjee,StudentğŸ“š | Content CreatorğŸ¤³ | DeveloperğŸ‘¨â€ğŸ’» | AnimeğŸ—¿ | ShortsğŸï¸ | GymğŸ’ª,18,112,236
tejus3131,Tejus Gupta,An enthusiastic programmer.,0,1,6
VikashSinghKu19,VIKASH KUMAR SINGH,Student CSE(IOT) at BCE Bakhtiyarpur,2,118,8
mai3dalvi,mai3,19 â€¢ life is both fun and fcked â€¢ EngineeringğŸ“ â€¢ CodingğŸ«§ â€¢ momo & meme lover,701,346,1915
AyushDe48741537,Ayush Deep,,4,203,73
SihGecv,SIH Internal Hackathon GECV,"Official account for Internal Hackathon Government Engineering College Vaishali.
Register here: https://t.co/IWgk0vlGF7",10,3,2
SanskarBhardw18,Sanskar Bhardwaj,,10,72,51
FaizanD02322232,Faizan Deshmukh,,0,4,0
A_MOHAMED_PhD,MOHAMED ASHIC ILAKI A,"ÊŸá´á´ á´€Ê™ÊŸá´‡ á´êœ° #allah â¤ï¸
Éª êœ°á´ÊŸÊŸá´á´¡ á´êœ° #mohammadï·º
Éª ÊŸÉªá´‹á´‡ #êœ±á´©á´€á´„á´‡ 
Éª ÊŸá´á´ á´‡ á´êœ° #á´‡á´…á´œá´„á´€á´›Éªá´É´ á´€É´á´… #êœ±á´„Éªá´‡É´á´„á´‡
 Matrix ğŸ‘¾",13,232,1
mishba_bagban,Misbah Bagban,"CSE Student | learning JavaScript | Technical writer @hashnode | Open-source entusiastic

My Brain has too many tabs open.",313,288,2327
parichay_gg,Parichay,"ğŸ‡®ğŸ‡³/ 18
Esports, AI/ML, Startups",248,1052,5216
Kushwaha_2004,Aman Kushwaha,"TALK LESSğŸ¤«ğŸ¤«
THINK MORE ğŸ¤ŒğŸ¤Œ",0,12,7
AdarshS86442028,Adarsh Parihar,BTECH CS STUDENT AT ITM UNIVERSITY GWALIOR,0,42,8
liza_bhutani,Liza,18 || Cloud facilitator @gdscbvppune|| Cloud lead @gdscbvppune|| Building team @OreoDroiders || Postman student expert,86,161,65
ArcticLangoor,ArcticLangoor ğ“ƒ ,"18, trembling mÄ«dwit, web developer + Ä“ngineering",33,264,356
alaismital,Smital,,3,47,0
DevGasian,Swayam Karle | devswayam.lens,"Smart Contract Developer/ Researcher | 
Advocate @graphprotocol |
GDSC Associate Lead @GdscL81504 |
Fellow #TezosBuildercamp 
| Fellow Cairo @starknet",121,308,320
Abhiram6899910,Abhiram,,11,113,5
Hari15842705,Hari,,8,194,41
SHAHTIRTH2003,TIRTH SHAH,"It's never too late to start over, never too late to be happy...",17,97,12
Saklani1_,Shivam Saklani,,1,72,4
jmc_iic,IIC JMC,IICJMC,8,17,68
SonuGup46022700,Sonu Guptaâ„¢âœ¨â¤ï¸,Don't wait the perfect momentğŸ˜ŠğŸ˜Š...take the moment And make it perfect.âœŒğŸ˜‰,28,91,1048
chanduuu3333,J. Chandra shekar,,1,24,0
etarious,Etaoghene Chimaobi Ojameruaye,"I am a web programmer, with interest in learning and teaching/training tech skills. I love creativity and building.",19,202,4
bugbreaker18,Shreyansh Shukla,CSE Undergrad'25 || ML/DS Enthusiast || Looking to connect with kindred spirits || Sharing my experiences,49,173,135
harshamaddur,Harsha,"Interested in emerging technologies, Startup enthusiast, Frugal Manager, Jack of all",230,2449,450
vishishtindia,Vishisht KapoorğŸª,ReactjsğŸš€ || REDUXâš¡|| CoreldrawğŸ¨ || BE'25ğŸ¯,116,323,311
Abhinav47125511,its.(fun)(key),"pursuing engineering, bharadwaj Brahman, indian, football lover, animal lover, single, proud sanatani, ex-kvian, like memesğŸ˜‚",176,3033,560
HridayLearns,Hriday Ghosh,Student of Life | Exploring new frontiers | Constantly learning and growing | Seeking knowledge and adventure,5,98,0
abz4375,Ayush Srivastava,IIITDMJ CSE'25,31,337,79
dampdigits,Sameer ( Ø³Ù…ÙŠØ± ) ğŸƒ,"Software programmer ğŸ‘¨ğŸ»â€ğŸ’» | Kabhi kabhi ğŸ¨
Send me programming memes  :)
Mostly shit-posting on X",40,131,612
VikramC35197040,Vikram Choudhary,Engg Undergraduate || Learning Java & DSA,11,364,276
tecnical_nitish,0xnitish,"Ex-Founding  Engineer @0x_hashmail |  @AlchemyLearn
| Google DSE Lead '22 @gdscnmit #infosec",134,186,697
NcPedia,NC,Tech enthusiast | Web dev | AI | ML |  Youtube @ncpedia| Novice editor |Cinephile | Seeking guidance to excel in Programming and Acquire skills,11,347,117
dhruvv__005,Dhruv Gupta,,0,10,1
AkshayPSingh09,Akshay Pratap SIngh,"Its common, Even I cant understand Myself ğŸ‘ŒğŸ”¥
Web Learner , ML Enthu()  CSE'25",11,191,326
DavisNiranjan,Davis_niranjan_j,"Youtuber


FLIM REVIEWER 
REACTION VIDEO MAKER 
I CALL MYSELF A YOUTUBER 
THALAPATHY VERIYAN",3,18,44
Shouryafreakin,Shourya Gupta,(CSEâ€™26)  Flutter developerğŸ’™,42,520,123
sanapshreya15,Shreya,The sole reason of me creating a twitter A/C was to join #100daysofcoding so that I could be consistent. Ps: I am a noob coder so pls don't judge:),34,51,101
jayanzth,Jayanth Kumarâš¡,Beta MLSA | Postman Student Expert | Technical Writer,9,255,90
RGandla96462,Rahul Gandla,He/Him,5,49,2
MohitB_twt,Mohit Bisht,"Devops | Open source & Cloud â˜ï¸ enthusiast ğŸš€ | Contributing @girlscriptsoc, #SSOC | Web dev | Technical Marketing @decodecafe | #100Dev",207,524,571
SucharithaB2,Suchiâœ¨,"Don't kill your friends kids !
chemical engineer...
Young socialist...ğŸš©
tired...",40,553,14
NagababuAkula23,Nagababu Akula,,0,5,0
Vishal_Kuwar07,VISHAL KUWAR,,3,17,3
poojitha9797,Avengerfan_07,planet earthğŸŒ,2,41,14
Utsav_0305,UTSAV GANDHI,,0,17,6
nabin_yd,Nabin Yadav,"Electronics, Communication and Information engineer By Passion",1,5,2
j7693551,abc,,6,135,0
the_onlyjunaid,Junaid,20 | Filled with Random Skills,3,30,31
DeviBhavani26,Devi Bhavani Annapareddy,,2,7,0
upsid_39,Siddhant Khobragade,,0,28,0
JatinKu0858283,Jatin Kumar,,0,53,0
sloki1174,L O K E S H,19 || DSA || Java || Web development || IT'26 || #100DaysofCode || ğŸ§‘â€ğŸ’»,106,518,177
immidikali,kali pradeep immidi,"Assistant Professor
CSE Dept
Vishnu institute of technology",37,22,12
Surya2825,Suryansh Srivastava,,4,10,0
shenlong027,Ayush,19 ğŸš¶â€â™‚ï¸ | Full Stack Developer ğŸ‘¨â€ğŸ’» | Open Source ğŸ·| Esports ( Queso Cup 2022 )ğŸ®| MLSC Member ğŸ’¿| Humour and Sarcasm ğŸ¦­ | #100DaysOfCode,216,356,103
C_haitanyaSingh,Chaitanya Singh Rathore,"ğŸ“šhttps://t.co/J3zLDwpqND StudentğŸ’»
ğŸ“GGV BilapurğŸ“Œ
ğŸ”—https://t.co/o3OiQHXwvKâ€¦",13,9,30
JeetKarkar,Jeet Karkar,"#jnv_student 
#navodayan
#gecrajkot",29,67,24
barmendu,Barmendu Chakraborty,"Tech and Coding Enthusiast, Gamer.",12,107,158
_priyanshu_2003,Priyanshu K Chaudhary âœ¨,"Reader, Writer,Thinker.
Mathematics Expert @chegg @chegg_india",79,172,2860
__D_a_v_i_s__,Û—Û—Û—Û—Û—Û—Û—Û—Û—Û—Û—Û—Û—Û—Û—Û—Û—Û—Û—Û—Sky Matthew,idk how to use this app ;/,12,129,502
manoj14404,Manoj Kumar. M,,0,48,0
iam_TahaShaikh,Shaikh Taha Inayat,"A studentğŸ‘¨ğŸ¼â€ğŸ“,lives in self compassion ğŸ¤™ğŸ»",12,86,227
VedantJ98807189,Vedant Jadhav,#stoic,47,417,131
rao_khadam,Vinay Kumar Rao Khadam,,1,69,0
chiragchandra25,Chirag Ramesh Chandra AKA that_lame.one,"Google DSC Core Team @dscabesit Learning Flutter & App development ||
Here to Learn ğŸ“š, ShareâœŒï¸& Fun discussionsğŸ˜ƒ

https://t.co/aZRJwUfyU6",28,67,81
Ujjwal_jain91,ujjwal jain,,9,35,212
JashwanthChow19,Jashwanth Chowdary,,0,3,1
smilingwillows,Daphne sherine,,2,8,32
Vaidik31,Vaidik Patel,,6,20,8
daud0x0,Md Daud,...,110,345,760
Vedanti_U,Vedanti U,Undergrad | Tech | Coding | Books | Life,116,301,347
KabilanSelvaku2,kabilan s,,36,205,492
VinayakGharge3,Vinayak Gharge,"2nd yr | CSE | Front-End Developer | Fellow at CCBP 4.0 Academy
I'm now studying full-stack development with an emphasis on 4.0 technologies (AI/ML).",3,26,1
navaneethstwt,Navaneeth Rao,"Full Stack / Android / Bug Bounty

#LearningInPublic",25,239,435
Rimalisaac,Rimal Isaac,Academician,209,574,511
_kumarjaihind,ABHISHEK KUMAR,"20'Proud to be Indian ğŸ‡®ğŸ‡³|Self growthğŸ“ˆ|LearningğŸ‘¨â€ğŸ“ new things|Using media power:
Sharing whatever I am going throughğŸ¤—:
Follow for follow back ğŸ˜Œ...DMs open",329,582,2418
Unnati_Thakre,Unnati Thakre,Genius is 1% talent 99% hardwork ğŸ”¥,10,114,8
ManishYadhuvan6,Manish Yadhuvanshi,.....!!,25,218,106
Ayan_joshi_,Ayan joshi,,17,70,86
KousickkrishnaS,Kousickkrishna. S,,2,31,0
Mr_SumitKrDas,Sumit Kumar Das,Software Developer | Problem Solver | Debugger | Let's build together,27,203,42
RaghvendSharma,Raghvendra Sharma,,10,148,11
p_samyakta,Samyakta P,,1,11,11
KISHOREKUM76979,KISHOREKUMAR PANDIAN,,0,3,0
Sanchitagrawala,Sanchit Agrawal,"Aspiring ML Engineer with a passion for Opensource, Cloud Computing, Quantitative Finance, DevOps, and Micro SaaS.
|learn in public|",32,597,500
Shirishsinghh,Shirish Singh,Loves to CODE !!,2,8,0
BalajiR6898,Balaji,,2,32,3
ksrohit25,Rohit Ks,,0,18,0
nidhimudgill,Nidhi Mudgill,"ğŸ‘®â€â™€ï¸ Senior Copy Editor @Republic
ğŸ“¡ Producer @Mhonenews 
 #Ministry of Health 

âœˆï¸Traveller| ğŸ“°Journalist |ğŸ§˜â€â™€ï¸",254,466,416
goutham025,Goutham Kumar,"Problem Solving â€¢ DSA
â€¢ Java â€¢ Learning in public ğŸŒ â€¢ Building CommunitiesğŸ’¡",28,32,68
bajrangbrc,Bajrang ChoudharyğŸ£,UIET'26 || Flutter Enthusiast || Graphic Designing.,12,101,57
AmlanDu33765481,AmlanDutta,College student,14,223,14
MannaSubharghya,Subharghya Manna,,1,61,17
siifuptti,Startup Incubation & Innovation Foundation UPTTI,,24,198,58
Lallantop321,Ashish,,0,9,0
shtpraghav,Raghav,programmingRookie | 18 | C++ | CSE'26 | DSA | Open source enthusiast | Learning web dev,204,297,835
rohitve37088127,@i am rohit verma,"i am a student of  https://t.co/Nsd0CYlhSQ(2nd year)  and have much more enthusiast about AI(Artificial Intelligence) and Neuralink.............(â—'â—¡'â—)
(â—'â—¡'â—)",9,399,29
arunach70931323,arunachalam k,Coderâš¡fullstack developerğŸŒŸ content writer âœï¸ UI/UX designerğŸŒŸAIğŸ¤–,19,124,41
saumyajeet_6103,Saumyajeetsinh Vaghela,,80,155,79
Satyacasm,Satyam Tripathi,IIITV '25,224,472,980
_Crazy_Cathode_,ELAKIYA SEKAR,"Being the best version of myself____â¤ğŸ’¯
19",8,9,2
yash__dev,Yash suthar,full-stack MERN developer | learning devOps ğŸ“š |,113,271,390
Nishitbaria1,Nishit Baria âš¡,ğŸ¥‘ Open-Source Advocate | ğŸš© Vice-lead at @gdsckpgu and ğŸ”¨ Building @TheCodeTheory | ğŸ‘¨â€ğŸ’» Full Stack Developer | ğŸ† 4x Hackathon Winner | ğŸŒŸ #1 GSSoC Contribut,174,401,715
milan083821,Milan Singh,Attendant at Delhi University,13,153,7
35_rajeev,Rajeev Kumar,"Learner | Web Developer ğŸ‘¨â€ğŸ’» | Blockchain ğŸ”— | DSA (C++)

Every day brings an opportunity to do something legendary.",13,56,63
mr_harshtyagi,Harsh Tyagi,Building Future Web @0xAlphaDevs â€¢ Web3 & DeFi Developer â€¢ Final year @bitspilanigoa,34,274,253
official65487,My Official,,3,69,3
bagaria_raj23,Raj Bagaria,ISE Undergrad '24 â€¢ MERN Developer â€¢ Aspiring Blockchain developer â€¢ Electhon'23 Finalist â€¢ erevald @_buildspace â€¢ learner @AlchemyLearn,86,343,747
Bikash_Santra03,Bikash Santra,"Bikash Santra.
Student of https://t.co/4O79plspOe in Computer Science Engineering and Technology",6,138,27
US_Khokhar,USK,10x HTML5 DEVELOPER,34,132,502
simranyadav464,SIMRAN YADAV,"Love,Peace,Happiness",0,25,0
anshsaxena1703,Ansh Saxena,Web Development | Competitive Programming | DSA,5,27,1
Divvstwt,Divv Saxena,Open Source Enthusiast â€¢ Exploring Web Dev â€¢ Javaâ˜• and pythonğŸ  â€¢â€¢,477,918,1717
Jain13Namya,Namya,"Flutter Developer | 2nd Runner up Hack4Change | Best Sustainability Hack@MLHacks | Best Mobile Hack@MLHacks |Top 25 Contributor@Autumn of Code,IGDTUW",247,351,124
vaa3,Vinay Åšarma:,"Bharateeyan,believes in Akhanda Bharat, interested in geopolitics, science and Indic studies.  Carnatic Music Rasika!",219,1329,19402
SanketD43677804,Sanket Deshmukh,,13,17,13
srohit1011,rohit Salla,constantly thinking about ML algorithms,49,1574,751
sohan__2002,Sohan Veeravalli,,0,13,0
AtharvM46335572,Atharv-More ;),"aaaah I am not gonna
 discribe myself in few
 word ya understand........",9,595,111
MhalsankAryan,Aryan Mhalsank,,1,10,0
jethwa_smit,Smit Jethwa,"Engineering @_DigitalIndia | Backend | Bots |  BG A+ ğŸ©¸ 
 | #NeverStopLearning ğŸ˜‡ğŸš€",626,484,3257
Lakshmangamers,LAKSHMAN GAMERS OFFICIAL,,6,84,18
the_shashwat11,Shashwat Singh,,27,822,32
sidvid_,Siddhant AK,"18 . cs UG ,,,.",20,33,1
Aman__gautam_06,AMAN GAUTAM,JUST BELIEVE IN YOURSELF EVERYTHING IS ACHIEVABLE,3,67,4
Kartikey____,hkartik_pandey,Science Technology and Engineering,4,47,34
jinxkernel,Jinxkernel,,36,917,250
Nobody_crypto_H,Harmeet Singh,Interested in Blockchain NFT Solidity Ethereum Solana Rust WEB 3 Web Development Cryptomining,19,133,120
rudransh190204,Rudransh shinghal,"web developer and web3 developer |member @cipher_lnmiit
| member @DaoDeepverse|Early contributer @shastraos| ready to collab",171,454,227
VedantKale08,Vedant Kale,"Passionate about continuous learning, exploring new coding languages, and diving into the world of programming. ğŸš€ Let's code and create together!",17,61,3
ProgyaanB14035,Subhajit Mridha,Btech in Information technology student in FIEM,4,66,1
techyrushabh,Techy Rushabh,"Coding, Roadmap, Solutions, Projects and more...",1,27,6
explore_withj,Jyoti,,2,49,1
Vikash_4355,Vikash Kumar,Java | React.js | Node.js | JavaScript | MongoDB | Express.js | MERN stack Developer | NIT Jalandhar | Open Source Contributer,904,696,740
ROHITSALI09,Rohit Sali,geopolitical strategiest || helping people to know well || To know the truth || curious/conscious about everything.,27,199,247
DakshMakhija_,Daksh Makhija,"Co-Lead @gdscgtbit |
Ex-Web Dev Intern @AbhyazLearning and @BCG | 
Interested in software engineering and development roles | 
Learning something new everyday.",126,152,443
4936f6fd7286499,Sugavanesh v,Life's state,165,2114,35
Janakiram347,M Janakiramudu,,3,107,1
ayushjrathod0,Ayush Rathod,,7,15,5
RudrakshJoshi14,Rudraksh JoshiğŸ¦‡î¨€,"Exploring and sharing insights on Rust(my pet crab),Docker,K8s,Blockchain,VR,ARğŸ‘¨â€ğŸ’»  | 

Sophomore @SVNIT,Surat 

DMs open for all",20,120,437
PavanBR18,PÃ£vÄÃ± áº R,"Empowering minds, molding futures; AI's boundless horizons await!",2,83,2
bc786141,3.94E+11,Express and record,40,455,162
NoOne69188696,NoOne,,0,121,0
michael81738834,Arvind kumar,,10,252,2
Tushar_574,TUSHAR DESHMUKH,,2,16,0
GroverKrishiv,Krishiv Grover,18|,12,163,20
dp0x01,Devansh Patel,Cyber Security Enthusiastic,21,588,12
karulvela,Dr. Vadivelan Kanniappan,"Professor in Physiotherapy working at SRM, over Eighteen years of experience, I have excelled at the pinnacle of my profession as a Pediatric Physiotherapist.",14,61,1
serma_002,Sermalingam T,"@ End of the day what you have in your mind is your future
|'Dream Big Achieve Big'|",12,122,12
Sanika391,Sanika Chavan,,17,132,31
speedupedu,Speed Up Education Network,"Study in India
Ph. No.:- +977-01-5153414 Mob:- 9851110419",67,184,145
ashwinjikumar,Ashwin kumar,Researcher,62,150,231
_ritishaa__,Ritisha Shaw,A happy soul â¤ || Python ğŸ|| AI/ML ğŸ¤– || CSE'27 || 18ğŸ£,56,93,159
Anirudhdha46505,Anirudhdhasinh Chavda,,267,5000,0
SinghBarjit123,barjit123 Singh,,46,355,41
DhruvJohri_,Dhruv Johri,coding enthusiasts ğŸ˜ğŸ§‘â€ğŸ’»,17,408,0
meghs_1101,meghshyam karpe,,3,30,3
deepakk_1v,Deepak,,1,24,1
Mordicut111,crypto headboi$,"chat manager, community moderator passionate and enthusiastic about my job.defi nfts Daos cryto ecosystem services",81,419,89
Nickkhatri5,nick khatri,,2,12,2
OmBan16,Om Ban,Here to explore Best Tweeting birds of the day for a while,12,171,2
AerpulaSai,@Sai Teja.,"Student.Btech - CSE ::26 ğŸ“
Concerned In AI. 
 involved in https://t.co/RLA76RKZ0p https://t.co/ZOtQ0WyoBr 
Certified in numerous platforms .
#100daysofcode #SQL #c #python #programmar",31,232,125
DenmarkDecoder,Techthoth ğŸ‘¨ğŸ¾â€ğŸ’»,Software developer || front end web developer || HTML || CSS || JavaScript || React js || firebase,26,216,112
amitmeenaiitb,Amitâœ¨,"Mech IITBombay '23 || I like startups, technology, and design!",210,2251,289
NandeeshMR26011,Nandeesh MR,,61,823,5
itsvaibhavTwit,Vaibhav Kesharwani,,6,60,0
kishor_irnak,kishor irnak,,0,9,1
OElyazid,oumaima elyazid,Ø¥ÙÙ† ÙŠÙÙ†ØµÙØ±Ù’ÙƒÙÙ…Ù Ø§Ù„Ù„ÙÙ‘Ù‡Ù ÙÙ„Ø§ ØºÙØ§Ù„ÙØ¨Ù Ù„ÙÙƒÙÙ…Ù’,12,207,88
AbhisheckE,abhisheck elangovan,,23,447,148
Navaneetha1055,Navaneethakrishnan S M,Student,3,19,1
shreyam1245,Shreyam Chaurasia,,3,43,0
0xSayak15089,dev dojo,Web Dev ğŸŒ | Open Source â­ | CP ğŸ“ˆ | Cloud â˜ï¸ | Web3ğŸ’² | Hackathons ğŸ’» | Community ğŸ€ | tech blogging âœï¸,75,1163,100
AngelMe0110,Angel Gupta,,0,45,0
Angel8820348739,Angel,,0,1,0
rishithreddy939,Rishith Kumar,,7,279,134
PalakPandit3__,Palak Pandit,,9,36,14
KrrishSehgal3,Krrish Sehgal,,0,37,0
Udhayak88666851,Udhaya kumar,,9,49,0
VGori2003,Vishal_gori2003,,9,65,8
RajanTw7790,Rajan Tw,,226,1914,1
Aditya_M_30,Aditya Mohanty,"Travelling Is Love__
KIIT'26",1,40,9
_priyanshgoel_,Priyansh Goel,,0,11,0
Bunnyy0905,Bhaskar Singh Bhakuni,,0,2,0
BittEkam,EkamğŸª,"19 | No Spidey powers, just all of Parker's struggles
intern @timechainlabs | alterok @_buildspace | buidling @by_clueless",452,426,929
Jasleenxpb07,Jasleenpb07,"Jasleen Bhatti
Student(CS)",1,22,0
ajais2518,Akshat Jaiswal,,3,26,2
Varun__Ricky,MEKALA VARUN YADAV,Thinking about me special makes me special.,3,87,1
rajrosh37097908,raj roshan,believe in brotherhood .,3,20,27
Xorog15,xorog,,4,69,0
devzaq_,Ankit Jha,"Android Developer , Arch Linux User, Programmer ,Biker
Computer Science Student.",22,209,11
RajeevKommani,Rajeev Kommani,,8,169,930
PawarVedik56284,Vedika Pawar,,0,2,0
_prakashr_,Prakash Dass R,"Passionate about the world, news, and social concepts. Join me as I share thought-provoking content and engage in meaningful discussions ğŸŒ âœ¨
Do follow.",7,103,41
travel_vth_liar,RK Liar,"20 ğŸƒ
Libra âš–ï¸
testy ğŸ§ 
observant ğŸ§
fatuous ğŸ¤ª
chaotic ğŸ¤¯
what about you then?ğŸ‘€",45,369,304
yellowamit,Amit kumar Giri,WTF(wow thats fun),4,17,3
RenuJuneja111,Renu_Juneja,Reskilling _ WEB3 | Controller of Examinations | Researcher | Lecturer  | Prev. Process Engineer | Prev. Engineer Trainee,1,67,4
Shivam__1203,Shivam Yadav,,1,20,5
dharmitpatel81,Dharmitkumar Patel,Software Developer |  Python | MERN | Django,44,218,134
Prasant2507,Prasant Chandra Poddar,"5-â˜… coder in HackerRank in JAVA as well as in Problem Solving.

Enthusiastic for new technologies, self-motivated and reliable person.",7,29,11
RoshanR60715148,Roshan Raj,Web3 Developer ğŸ•¹ï¸,6,43,366
niteesh_putla,Niteesh Putla,Blockchain dev,92,1331,51
Aditi_0891,Aditi,,4,174,1
Rohit___pawar,Rohit,"Bhopal ğŸ“
Oist'25 | Tech Enthusiast | Cricket ğŸ|Frontend Learner | Engineer | Cinephile ğŸ¬ | Chess |",18,77,102
rishikesh212001,Rishikesh Preman,,3,26,2
Bilchain,bil99,"Man is born free, but everywhere he is in chainsâ€?",145,1410,444
suryan2116,suryanarayana,"PhD Research Scholar @NIPER-A, India/Curious Mind/Love to explore new things/ sports person/Tweets are mine",52,614,15
Akshays48897681,Akshay Swami,The art of Living... Volunteers,25,550,4
Manas_1203,Manas Gupta,"pre-final year computer science undergrad |
Web developer | web3 enthusiast |",29,133,14
pramudit_03,Pramudit Prajapati,"Big things take time,so wait and have patience.",8,26,99
DipshikhaD54894,Dipshikha Datta,,16,253,0
lucky844967,Lucky Sharma,,2,80,1
dhruxv1,Dhruv,cse '24 : backend intern by day rethinking life choices by night.,17,240,37
mad_cipher,Aditya Patel,,1,27,1
raganethth96846,Avishka Ranaveera raganeththige,,3,71,0
AsupanRuel,Ruel Asupan,,30,1114,208
Dipanjan1572003,Dipanjan Roy,CSE Undergrad ğŸ’» | Frontend dev ğŸ¨| Open Source enthusiast | Learning frontend & DSA| CSE'26;,18,146,15
SubrataRout5,Subrataa Rout,"Nurturing the human spiritâ¤
ğŸ¾",18,51,13
PramodPoladi,Pramod Kumar Poladi,,7,10,6
AgarhariAshu,Ash ',,29,144,122
last_name_khan,Aman Khan,Cool Nerd ğŸš€ || Web-Developer ğŸ’»,61,201,97
eswark434,Eswar Kumar,,0,48,2
DivHacks,DivHacks,DivHacks is Columbia and Barnard's premier student-led diversity hackathon centered around uplifting underrepresented voices in technology and entrepreneurship.,33,62,22
Arzoosingh147,Arzoo Singh,hey :),3,4,0
KalmeVyank98364,Kalme Vyankatesh,"tech enthusiasts ||
 programmer ||
 problem solver||
 java developer||
flutter developer||
content creator",14,210,27
harsh_shah_9104,harsh shah,E-mail : harshgshah9@gmail.com,18,83,14
Shivam63905,Shivam Batham,"B.tech2024(CSE).
skills- C++, DSA, Html, Css, JavaScript, React, Git.
Learning Web Development (#MERN)
 #opensource #openForInternships.",34,441,43
NikitaD07,Nikita Deshmukh,Learning Data science at Savitribai Phule Pune University,2,66,1
Akkarn26,A Dev,A dev,5,52,77
VishalV54103586,FireBoxIndia,"Pop Culture Fan
.
YouTube channel linkğŸ‘‡",8,69,216
Harshit05964885,HARSHIT SHUKLA,"JUST A LOVER OF NATURE.....

I like sports,silence and

walking alone in nature's lap....",30,195,383
AdityaBhalla100,Aditya Bhalla,,3,290,136
Indocentric,Ronit Banerjee ğŸ‡®ğŸ‡³,"Avid Reader, politically sane, and student of history, politics and design.",13,121,653
Taiwo85659083,Taiwo,Too dead to die.,1,121,36
saurabhksah,Saurabh Sah,HTML | CSS | JavaScript | Node.js | Express.js | Mongodb,2,19,6
AnuragDadh61420,Anurag Dadhich,..,2,36,2
viwan_raj,Viwan Raj,Student who want to grow,0,44,6
subhash53241379,shally,,7,152,3
SwasthikaDev,Vilgax,Sab Moh Maaya Hai,3,145,480
Kalyan9064,Kalyan Chakraborty,,5,52,2
Navjotsingh815,Navjot Kumar Singh,,3,52,0
TusharA29964215,Tushar Arora,,6,181,1
BambureHarshita,Harshita Bambure,Android Developer | Yoga Teacher.,10,140,1
curi_lad,D!no,Believes in Curiosity !,0,81,1
shivansh_013,Phinix Morgan,"Indiaâ£ï¸
programming â£ï¸",8,106,39
MotiSain1483572,Moti Sain,,1,16,1
gowrivinod88,Gowri Vinod,Software Developer,1,18,0
dilip_boini,Boini velupula Dilip kumar,,5,180,0
de_gonnabeAlpha,GOKU _,,13,93,0
_0xmayank,Mayank at hacker house- blr,Contributor @SuperteamDAO || Contributor @fosscuk || Gaudmire @_buildspace || Web Developer ğŸ•¸ï¸,156,251,375
Atharva66002520,Atharva Jaiswal,,0,11,2
Paranthaman__A,Surya PS,,3,63,5
akshaya80074,Akshaya,,2,29,1
arya1230,aryakesarwani,,292,146,25
_Shivam_149,Shivam prajapati,.,0,39,13
Spectre_harsh07,Harsh Tiwary,"NITian, Intern WarRoom (@Flipkart - @0xPolygonLabs CoE),  4 x ğŸ† Hackathon, Prev. Intern @0xHashstack, Ex-Fellow @StatesDao, Sanatan Dharm ğŸ•‰",319,1624,734
Harshit_senpai,Harshit Mishra #OSD,Full stack developer ğŸŒ | s4 n&w @_buildspace | @getpostman SLğŸš€ | building @_StuCom | @gdsc_rcet core team | Open source ğŸ¥‘| AI enthusiast ğŸ¤–,77,302,335
Vanshik34094585,Vanshika Rastogi,,0,75,0
ehteshamstwt,ehtesham anwer,,3,103,22
ChennuRamyasri,suchi,,1,65,1
aditya_bhandoh,Aditya Bhandoh,Student â€¢ Enthusiast â€¢ Aware,17,428,56
Sky639053655358,Sky,,0,8,0
angryybirddhana,Angryybirdd ğŸ‘©ğŸ»â€ğŸ’»ğ•,#hacking ğŸ‘©ğŸ»â€ğŸ’» #games ğŸ® #space ğŸ”­#books ğŸ“š    | Caffeineâ˜•ï¸ âœ–ï¸ Ipad Pro âœ–ï¸ MusicğŸ§ ğŸŸ° DrugğŸ˜‡ |,26,242,179
soumendujana67,Soumendujana,"Hey, I am Soumendu, I love to create designs, techs, products that solve problems of mns and wanna impact lives of people by my work and passion for creation.",5,245,30
Rohansa03,Rohan Sapkal,,0,30,3
srivardhan2115,Srivardhan Pulluru,LEARNER,8,42,1
HINGUYASH4,HINGU YASH,HTML | CSS3 | JAVASCRIPT,3,63,14
ayarvind_6368,Arvind Yadav,"B-Tech '26 | Full Stack Developer | React Native Developer | Data Science Enthusiasts | UI/UX
https://t.co/zgUkw0NbyV â€¢ 
https://t.co/vDAG3Njz0P",5,73,75
Abhishekkk_1001,Abhishek Singh,Developer,13,55,102
kundan_k_,Kundan Kumar ğŸ‡®ğŸ‡³,"Programmer || Coder || MERN || NIT-A|| ECE25 || Productivity || AI & tech.

ğŸ˜‡ just a boy seating in front of VSCode and expecting codes to love back.",31,365,563
nerdycasette,Shivang Sharma,,14,87,19
SingasaniPreet1,Preethi,,19,40,6
atul0why,Atul,"18 || ENGINEER (AI & ML)'26 ||Code ,Sketch & Design",1,49,0
SUMANAS08884516,SUMANA S,,7,40,7
_santoshsingh19,santoshsingh19114,,2,66,0
akshatmishi,akshat mishra,,9,78,0
iamspanchal1778,Sujal panchal,'learning competitive programmingğŸ§‘â€ğŸ’»'  | 'learning Digital marketing  @looksocialmedia' |' thich enthusiast'| exploring Web3|Bachelor in  computer science âš›ï¸;,77,522,94
Sarathi0M,Sarathi Manikandan,Obsessed with the Universe...,5,87,17
beamitpal,Amit Pal,"Bringing life to software! System Software Developer by day, web & android developer by night. I'm always learning and pushing boundaries in the tech world.",22,708,4
parthbhimani121,Parth Bhimani,,9,197,1
chittaXranjan,chiku,"Work hard for writing bugsğŸ˜‰, 
FRONTEND DEVELOPER
(HTML, CSS, JAVASCRIPT)",11,31,90
aloksingh8158,Alok Singh,,1,35,0
theduviya,chromatic._. aberration,vandhoomb,1,14,3
0xayushete02,Ayush Shete,#BRC_RCOEM Founder | #SIH22 Winner | 5xWeb3 hackathon winner | Blockchain | Developer | Open source Developer |,27,103,83
_EF_ANI,Prime Mosqo,web 3,27,522,284
dipteshkp01,Diptesh Kumar Panda,"ğŸ‘¨ğŸ»â€ğŸ« FMHSS '22
ğŸ‘¨ğŸ»â€ğŸ“ NIT Rourkela '27 
ğŸ“¸  @snapdips
!! Tech ğŸ‘¨â€ğŸ’»|| Photography ğŸ“· || Cinematography ğŸ“¸ ||
Voyaging ğŸ’ ||  Graphics DesigningğŸ˜Œ ||",56,72,40
hnazari13,hn.azari,,7,28,65
MrSG7072,sg bh,,1,7,0
taumyasomar,Saumya,ğŸ¥·,14,125,136
Trynew_Explore,WhyMe,Learning to code,11,146,67
AMAN43589925,Aman Singh,Web Developer and Open Source Enthusiast | Joining Forces for GSSoC'23 and SSOC 2.0 | Passionate about Creating Innovative Web Solutions,4,105,50
SanketParg64694,Sanket Pargharmol,,5,275,0
vaibhavg4651,vaibhav gupta,| FullStack Developer ğŸ’»â€¢ JAVA â€¢ JavaScript â€¢ OpenSource â€¢ Freelance â€¢ Building @DevsourceC |,150,390,748
fruity0209,KanishmağŸ’š,"É“Îµ É ÏƒÏƒâˆ‚ É“Ï…Æ­ âˆ‚ÏƒÉ³'Æ­ Ï‰Î±à¸£Æ­Îµ Æ­à¹€É±Îµ Æ­Ïƒ Ïà«¨ÏƒÑµÎµ à¹€Æ­...

ğŸ’šğŸ‡° ğŸ‡¦ ğŸ‡³ ğŸ‡® ğŸ‡¸ ğŸ‡­ ğŸ‡² ğŸ‡¦ğŸ’š",5,337,2
titaniumals,almass.eth/lens | PuneDAO,Building @Pune_DAO community ğŸ™‹ Digital marketing generalist ğŸ—£ï¸ Pune Chapter Lead for @FoundershipHQ & @5ireHub_Pune,3305,4626,24627
arindam_092004,ARINDAM BHOWMIK,,4,90,2
Sabarie29499800,Sabariesh,,3,135,0
AAnishRam2206,A Anish Ram,,0,22,0
BlessedJatto,Patience Blessed Jatto,"A business coach , super director NRG",2,168,530
SweetyG79092943,Sweety Gupta,,3,160,56
Q80CAM,Cam âš¡ï¸,"Wine Glass, puff pass.",144,940,2164
bhavya21245,Bhavya Gupta,,1,37,2
maevemilie,Alexx,,2,166,8069
D_Singla,Abhinandan Singla,UNESCO UIA International hackathon 22â€™ Winner || SIH22â€™ Winner || Luxembourg-India 23â€™ finalist || Deep learning || Web3 || Fullstack || Flutter Developer,110,78,751
Marvin_starkss,Marvin,ğŸ€,25,286,213
Haripriya102004,hari priya n,"Learning web development ğŸ‘©â€ğŸ’» | Interested in personal finance | Loves to read self improvement books | Pursuing ECE at CIT, Coimbatore",15,165,199
laveenahere,Laveena,todo pasa.,250,544,217
KKomal1212,Komal Kumbhani,,0,18,0
futurwhale,Shivam,,0,187,1
mdAsadu91281154,mdAsadul Avive Citizen,,12,270,706
SatyamSwapnil80,Satyam Swapnil,"Writer | Student |
Fixing... 
sometimes R",968,4980,511
102Shantanu,Shantanu Patel,,2,29,0
ctrl_zedd,angelb.,she/her | TIET 25' | anime | aspiring cat | wanna document some part of life here.. :),740,1443,1626
X__Official__,Fermi,.,17,339,202
Pawank795,0xPawan Kumar,"Google Arcade FacilitatorğŸ‘¨â€ğŸ’»@Spheron Dappocate|@Aptos Fellow|Content creator|s4 N&W|
Omdena |Build'n Web3 Projects|

https://t.co/0VZeQlOB8v",103,794,488
Aishwaryaatech,Aishwarya,Tech evangelist #tech,0,242,1
MahimaBh2,Mahima Bhardwaj,"Aspiring Fullstack Developer.
https://t.co/mS2C6bJQxh
https://t.co/B3WFsIJjPaâ€¦
https://t.co/naHaPOZrFa",11,134,91
MozeAaron,Moze@Aaron,Software engineer and developer.,24,186,73
Swapnil_259,Swapnil Agrawal,,1,61,1
rithvikreddy_33,rithvik reddy,,6,591,4
jsou_ranchi,Jharkhand State Open University,"Jharkhand State Open University (JSOU) has been established by Jharkhand State Open University Act, 2021, dated: 23.11.2021 duly passed by Jharkhand Assembly.",249,2137,259
Pratham_Soni_04,Pratham Soni,,17,79,0
Saurabh40620993,Saurabh Soni,,0,23,5
shanai_sarkar,Pranjal Sarkar,Stargazer || Coder || Dreamer,8,111,4
suryav362,Surya,Information Technology Student | Tech Enthusiast,33,217,5
jude_magnu99725,Magnus jude,,7,52,43
vspeeeeee,Vishnu Suresh Perumbavoor,#Bharat ğŸ‡®ğŸ‡³ğŸ‡®ğŸ‡³ #Modi2024 #Vivek2024 #Elon ğŸ”¥ğŸ”¥,113,712,3311
Vivek12092,Vivek Kumar,,1,40,0
Zorage__,Manjeet Singh | Generating Penguins ğŸ§| ğŸ• ğŸ§‘â€ğŸ’»,"SRFP @IITKanpur 23 | 
PDM cordinator @_houseofgeeks |
MERN Dev | Design | 
valorant is love",36,111,174
prashant5025615,Prashant,,2,20,0
deepak_bavan,deepak bavana,,1,20,5
VISHNUS85564664,VISHNU S,,3,111,0
AW999007,Arun Warrier,,1,19,0
Katrintyy,Ayema Faisal,ğŸ‡µğŸ‡° | 20 | BSSE student,112,172,639
HARD9995,HARD 999,,2,53,54
anshbakshi_3o1o,29 _C2_Ansh Sandeep Bakshi,,1,9,0
thisissanjayy,SANJAY S,18' | https://t.co/hkqSeyzaBk computer science and engineering (integrated) | SEC 27' | want to learn something each and every day | aspire to become a coder ğŸ«¡.,9,132,2
saty2522,Sai,,2,70,5
Devas_45,Devashish Panigrahi,,0,31,0
jayexflex,Thunday,God| Happy| Love| Business Owner| Crypto| Bitcoin,73,560,190
shreytwt,Shrey Jain,Front-end Developer (ReactJs) l 1x Hackathon 2nd Runner up ğŸ† l Looking for new and mindful connections ğŸ¤ I Talks about Books and TechğŸ’»,30,496,121
Dolphie_2010,Dolphie1,I am an enthusiastic social media influencer with a passion for newer ideologies to make a positive change in a  world of the present dynamics.,64,1106,1248
rootscraper13,Ankit Tiwari,,1,48,5
Prabeen_Rx,Prabeen,"Software Engineer
Crypto Lover
Electronics Enthusiast",1,10,0
CyberSayak,Sayak Ghosh,"ğ“ğšğ¥ğ¤ ğ¢ğ¬ ğœğ¡ğğšğ©.
        ğ’ğ¡ğ¨ğ° ğ¦ğ ğ­ğ¡ğ ğœğ¨ğğ",24,550,9
tijadscotia,scotia,,88,871,2
HarshVa82884493,Harsh Vardhan Pandey,"Write once, curse twice, debug forever.",6,152,45
UshaMartinUnv,Usha Martin University,Admissions Open 2023. Provides inclusive Quality Higher Education in different fields for sustainable development of the society. #UshaMartinUniversity,262,3057,1045
yashtiwari70076,yash tiwari,"Explore what you want,
lot other things to do
that we dont know even.",14,67,247
AmadouSeye15,seyeYarame,Seye Yarame,146,1000,53
alkyema4,Alkyema,,0,22,0
madhura_ingole,Madhura Ingole,,0,2,27
krish__borana,KRISH BORANA,BE WHAT YOU WANT TO BE NOT WHAT OTHER WANT TO SEE,2,200,9
Vinayak_zip,Vinayak,"Cogito, Ergo Sum",64,1324,457
Bammidi_Eshwar,stylishstar_eshwar,"ğ•´ ğ–†ğ–’ ğ–† ğ–•ğ–ğ–”ğ–™ğ–”ğ–Œğ–—ğ–†ğ–•ğ–ğ–Šğ–—,ğ•°ğ–‰ğ–ğ–™ğ–”ğ–— ğ–†ğ–“ğ–‰ ğ–ˆğ–”ğ–‰ğ–Šğ–—
youtuber
creation is my passion",4,86,15
Rahul15kathuria,rahullllğŸš®,blockchain dev @chillinqueue | web3 freelancer | building @iknowspots,160,806,820
francescoswiss,Francesco Andreoli | andreolf.etháµáµ,"Not Forbes 30 under 30 | DevRel ğŸ¥‘ @Consensys @Metamask & Early Stage Investor @ouicapital ğŸ¦„ , Ex @digitalassetcom @angelHack, @ETH_en, kiteğŸŒŠ",6690,4654,3932
Rahulswr,Rahul Das,"I know basic of java only and in future more skills will be added surely,
No Competitive coding 

Collaboration is the goal

#100daysOfCode

#Java

#DPSC",12,31,283
FenilModi5599,Fenil Modi ğŸ‡®ğŸ‡³,"Information and Technology Engineering Student || EX-ISRO ||
|| Machine Learning Enthusiast ||
Linkdin Profile : https://t.co/NY2jZE3dBs",10,196,11
SmileWithKhushi,Khushi Panwar,Technophile â€¢ Google DSC Lead 23' â€¢ Beta MLSA â€¢ 2x @GoogleCloud Facilitator â€¢ @postman SE â€¢ Content Creator â€¢ Student Researcher â€¢ Speaker & Mentor â€¢ DU'24ğŸ“,929,442,1180
oduguwa4,oduguwa,"KOOLWORLD GLOBAL RESOURCES
WORLD BUSINESS CONNECT
https://t.co/h5RC2V3FxT

...
KOOLTECH
KOOLBIZ
KOOLDESIGN
KOOLTUTOR
KOOLWORLD.",257,4999,1360
kan_chaudhary23,Kanak Chaudhary,,6,38,7
vrashabha13,Vrashabha Nilajagi,"progressive,rationalist",19,590,3
garvitjain1857,Garvit Jain,,1,42,6
Ganbaru_hito20,Parinita,,74,85,117
Ak_pandey2710,Akshay Kumar Pandey,,1,8,0
Ashutshv19,Ashutosh Verma,"I write good code..                                                                      
à¤œà¤¯ à¤¶à¥à¤°à¥€ à¤°à¤¾à¤® ğŸ™ğŸ¼",3,99,6
Abhinav_1983,Abhinav,ğŸŒ Exploring the Web Dev World ğŸš€ |  Curiously Coding my Way Through the Digital Jungle ğŸŒ | Join Me on this Wild Ride! ğŸ’»âœ¨,10,40,13
MrinmaiKadu,Mrinmai Kadu,"Hamster in the streets, Gangster in the tweets",68,150,45
yovo_yawo,Yawo Yovo,"DOTNET enthusiast,
GDSC of IAI-TOGO Lead,
UNESCO India African Hackathon 2022 Winner",82,492,80
,,,,,
,,,,,
,,,,,
,,,,,
,,,,,
,,,,,
,,,,,
,,,,,
,,,,,
,,,,,
,,,,,
,,,,,
,,,,,
,,,,,
,,,,,
,,,,,
,,,,,
,,,,,
,,,,,
,,,,,
,,,,,
,,,,,
,,,,,
,,,,,
,,,,,
,,,,,
,,,,,
,,,,,
,,,,,
,,,,,
,,,,,
,,,,,
,,,,,
,,,,,
,,,,,
,,,,,
,,,,,
,,,,,
,,,,,
,,,,,
,,,,,
,,,,,
,,,,,
,,,,,
,,,,,
,,,,,
,,,,,
,,,,,
,,,,,
,,,,,
,,,,,
,,,,,
,,,,,
,,,,,
,,,,,
,,,,,
,,,,,
,,,,,
,,,,,
,,,,,
,,,,,
,,,,,
,,,,,
,,,,,
,,,,,
,,,,,
,,,,,
,,,,,
,,,,,
,,,,,
,,,,,
,,,,,
,,,,,
,,,,,
,,,,,
,,,,,
,,,,,
,,,,,
,,,,,
,,,,,
,,,,,
,,,,,
,,,,,
,,,,,
,,,,,
,,,,,
,,,,,
,,,,,
,,,,,
,,,,,
,,,,,
,,,,,
,,,,,
,,,,,
,,,,,
,,,,,
,,,,,
,,,,,
,,,,,
,,,,,
,,,,,
,,,,,
,,,,,
,,,,,
,,,,,
,,,,,
,,,,,
,,,,,
,,,,,
,,,,,
,,,,,
,,,,,
,,,,,
,,,,,
,,,,,
,,,,,
,,,,,
,,,,,
,,,,,
,,,,,
,,,,,
,,,,,
,,,,,
,,,,,
,,,,,
,,,,,
,,,,,
,,,,,
,,,,,
,,,,,
,,,,,
,,,,,
,,,,,
,,,,,
,,,,,
,,,,,
,,,,,
,,,,,
,,,,,
,,,,,
,,,,,
,,,,,
,,,,,
,,,,,
,,,,,
,,,,,
,,,,,
,,,,,
,,,,,
,,,,,
,,,,,
,,,,,
,,,,,
,,,,,
,,,,,
,,,,,
,,,,,
,,,,,
,,,,,
,,,,,
,,,,,
,,,,,
,,,,,
,,,,,
,,,,,
,,,,,
,,,,,
,,,,,
,,,,,
,,,,,
,,,,,
,,,,,
,,,,,
,,,,,
,,,,,
,,,,,
,,,,,
,,,,,
,,,,,
,,,,,
,,,,,
,,,,,
,,,,,
,,,,,
,,,,,
,,,,,
,,,,,
,,,,,
,,,,,
,,,,,
,,,,,
,,,,,
,,,,,
,,,,,
,,,,,
,,,,,
,,,,,
,,,,,
,,,,,
,,,,,
,,,,,
,,,,,
,,,,,
,,,,,
,,,,,
,,,,,
,,,,,
,,,,,
,,,,,
,,,,,
,,,,,
,,,,,
,,,,,
,,,,,
,,,,,
,,,,,
,,,,,
,,,,,
,,,,,
,,,,,
,,,,,
,,,,,
,,,,,
,,,,,
,,,,,
,,,,,
,,,,,
,,,,,
,,,,,
,,,,,
,,,,,
,,,,,
,,,,,
,,,,,
,,,,,
,,,,,
,,,,,
,,,,,
,,,,,
,,,,,
,,,,,
,,,,,
,,,,,
,,,,,
,,,,,
,,,,,
,,,,,
,,,,,
,,,,,
,,,,,
,,,,,
,,,,,
,,,,,
,,,,,
,,,,,
,,,,,
,,,,,
,,,,,
,,,,,
,,,,,
,,,,,
,,,,,
,,,,,
,,,,,
,,,,,
,,,,,
,,,,,
,,,,,
,,,,,
,,,,,
,,,,,
,,,,,
,,,,,
,,,,,
,,,,,
,,,,,
,,,,,
,,,,,
,,,,,
,,,,,
,,,,,
,,,,,
,,,,,
,,,,,
,,,,,
,,,,,
,,,,,
,,,,,
,,,,,
,,,,,
,,,,,
,,,,,
,,,,,
,,,,,
,,,,,
,,,,,
,,,,,
,,,,,
,,,,,
,,,,,
,,,,,
,,,,,
,,,,,
,,,,,
,,,,,
,,,,,
,,,,,
,,,,,
,,,,,
,,,,,
,,,,,
,,,,,
,,,,,
,,,,,
,,,,,
,,,,,
,,,,,
,,,,,
,,,,,
,,,,,
,,,,,
,,,,,
,,,,,
,,,,,
,,,,,
,,,,,
,,,,,
,,,,,
,,,,,
,,,,,
,,,,,
,,,,,
,,,,,
,,,,,
,,,,,
,,,,,
,,,,,
,,,,,
,,,,,
,,,,,
,,,,,
,,,,,
,,,,,
,,,,,
,,,,,
,,,,,
,,,,,
,,,,,
,,,,,
,,,,,
,,,,,
,,,,,
,,,,,
,,,,,
,,,,,
,,,,,
,,,,,
,,,,,
,,,,,
,,,,,
,,,,,
,,,,,
,,,,,
,,,,,
,,,,,
,,,,,
,,,,,
,,,,,
,,,,,
,,,,,
,,,,,
,,,,,
,,,,,
,,,,,
,,,,,
,,,,,
,,,,,
,,,,,
,,,,,
,,,,,
,,,,,
,,,,,
,,,,,
,,,,,
,,,,,
,,,,,
,,,,,
,,,,,
,,,,,
,,,,,
,,,,,
,,,,,
,,,,,
,,,,,
,,,,,
,,,,,
,,,,,
,,,,,
,,,,,
,,,,,
,,,,,
,,,,,
,,,,,
,,,,,
,,,,,
,,,,,
,,,,,
,,,,,
,,,,,
,,,,,
,,,,,
,,,,,
,,,,,
,,,,,
,,,,,
,,,,,
,,,,,
,,,,,
,,,,,
,,,,,
,,,,,
,,,,,
,,,,,
,,,,,
,,,,,
,,,,,
,,,,,
,,,,,
,,,,,
,,,,,
,,,,,
,,,,,
,,,,,
,,,,,
,,,,,
,,,,,
,,,,,
,,,,,
,,,,,
,,,,,
,,,,,
,,,,,
,,,,,
,,,,,
,,,,,
,,,,,
,,,,,
,,,,,
,,,,,
,,,,,
,,,,,
,,,,,
,,,,,
,,,,,
,,,,,
,,,,,
,,,,,
,,,,,
,,,,,
,,,,,
,,,,,
,,,,,
,,,,,
,,,,,
,,,,,
,,,,,
,,,,,
,,,,,
,,,,,
,,,,,
,,,,,
,,,,,
,,,,,
,,,,,
,,,,,
,,,,,
,,,,,
,,,,,
,,,,,
,,,,,
,,,,,
,,,,,
,,,,,
,,,,,
,,,,,
,,,,,
,,,,,
,,,,,
,,,,,
,,,,,
,,,,,
,,,,,
,,,,,
,,,,,
,,,,,
